layout,formulation,contact_boost,background_reduction,p10_useful_capture,burden
triple_ring_24,mixed_spacer_antifouling,0.1000,0.8400,0.9003,0.9400
triple_ring_24,mixed_spacer_antifouling,0.0750,0.8700,0.9009,0.9450
triple_ring_24,mixed_spacer_antifouling,0.1250,0.8200,0.9010,0.9450
triple_ring_24,mixed_spacer_antifouling,0.1750,0.7700,0.9001,0.9450
triple_ring_24,mixed_spacer_antifouling,0.2000,0.7500,0.9001,0.9500
triple_ring_24,mixed_spacer_antifouling,0.0500,0.9000,0.9011,0.9500
triple_ring_24,mixed_spacer_antifouling,0.1500,0.8000,0.9014,0.9500
triple_ring_24,mixed_spacer_antifouling,0.0250,0.9300,0.9010,0.9550
triple_ring_24,mixed_spacer_antifouling,0.2250,0.7400,0.9013,0.9650
triple_ring_24,mixed_spacer_antifouling,0.0000,0.9700,0.9007,0.9700
triple_ring_24,mixed_spacer_antifouling,0.2500,0.7200,0.9009,0.9700
triple_ring_24,mixed_spacer_antifouling,0.2750,0.7000,0.9003,0.9750
triple_ring_24,mixed_spacer_antifouling,0.3000,0.6900,0.9010,0.9900
triple_ring_24,mixed_spacer_antifouling,0.3250,0.6700,0.9001,0.9950
hybrid_24,rigid_spacer_PEG,0.1000,0.9100,0.9002,1.0100
hybrid_24,rigid_spacer_PEG,0.1500,0.8600,0.9003,1.0100
triple_ring_24,mixed_spacer_antifouling,0.3500,0.6600,0.9006,1.0100
hybrid_24,rigid_spacer_PEG,0.1750,0.8400,0.9008,1.0150
hybrid_24,rigid_spacer_PEG,0.0750,0.9400,0.9005,1.0150
hybrid_24,rigid_spacer_PEG,0.1250,0.8900,0.9012,1.0150
hybrid_24,rigid_spacer_PEG,0.0500,0.9700,0.9005,1.0200
hybrid_24,rigid_spacer_PEG,0.2000,0.8200,0.9010,1.0200
hybrid_24,rigid_spacer_PEG,0.2250,0.8000,0.9010,1.0250
triple_ring_24,mixed_spacer_antifouling,0.3750,0.6500,0.9009,1.0250
hybrid_24,rigid_spacer_PEG,0.2500,0.7800,0.9008,1.0300
hybrid_24,rigid_spacer_PEG,0.2750,0.7600,0.9004,1.0350
triple_ring_24,mixed_spacer_antifouling,0.4000,0.6400,0.9011,1.0400
hybrid_24,rigid_spacer_PEG,0.3000,0.7500,0.9014,1.0500
hybrid_24,rigid_spacer_PEG,0.3250,0.7300,0.9006,1.0550
triple_ring_24,mixed_spacer_antifouling,0.4250,0.6300,0.9012,1.0550
triple_ring_24,mixed_spacer_antifouling,0.4750,0.5900,0.9003,1.0650
broad_grid_24,rigid_spacer_PEG,0.1000,0.9700,0.9006,1.0700
hybrid_24,rigid_spacer_PEG,0.3500,0.7200,0.9013,1.0700
triple_ring_24,mixed_spacer_antifouling,0.4500,0.6200,0.9011,1.0700
triple_ring_24,mixed_spacer_antifouling,0.5000,0.5700,0.9006,1.0700
triple_ring_24,mixed_spacer_antifouling,0.5500,0.5200,0.9001,1.0700
broad_grid_24,rigid_spacer_PEG,0.1250,0.9500,0.9012,1.0750
hybrid_24,rigid_spacer_PEG,0.3750,0.7000,0.9003,1.0750
triple_ring_24,mixed_spacer_antifouling,0.5250,0.5500,0.9009,1.0750
triple_ring_24,mixed_spacer_antifouling,0.5750,0.5000,0.9001,1.0750
broad_grid_24,rigid_spacer_PEG,0.1500,0.9300,0.9015,1.0800
broad_grid_24,rigid_spacer_PEG,0.1750,0.9100,0.9015,1.0850
broad_grid_24,rigid_spacer_PEG,0.2000,0.8900,0.9013,1.0900
hybrid_24,rigid_spacer_PEG,0.4000,0.6900,0.9007,1.0900
triple_ring_24,mixed_spacer_antifouling,0.6000,0.4900,0.9007,1.0900
broad_grid_24,rigid_spacer_PEG,0.2250,0.8700,0.9009,1.0950
broad_grid_24,rigid_spacer_PEG,0.2500,0.8500,0.9002,1.1000
hybrid_24,rigid_spacer_PEG,0.4250,0.6800,0.9009,1.1050
triple_ring_24,mixed_spacer_antifouling,0.6250,0.4800,0.9001,1.1050
broad_grid_24,rigid_spacer_PEG,0.2750,0.8400,0.9012,1.1150
broad_grid_24,rigid_spacer_PEG,0.3000,0.8200,0.9002,1.1200
hybrid_24,rigid_spacer_PEG,0.4500,0.6700,0.9008,1.1200
triple_ring_24,mixed_spacer_antifouling,0.6500,0.4800,0.9009,1.1300
broad_grid_24,rigid_spacer_PEG,0.3250,0.8100,0.9009,1.1350
hybrid_24,rigid_spacer_PEG,0.4750,0.6600,0.9005,1.1350
triple_ring_24,mixed_spacer_antifouling,0.6750,0.4700,0.9003,1.1450
broad_grid_24,rigid_spacer_PEG,0.3500,0.8000,0.9014,1.1500
hybrid_24,rigid_spacer_PEG,0.5000,0.6500,0.9001,1.1500
broad_grid_20,rigid_spacer_PEG,0.3750,0.7800,0.9003,1.1550
broad_grid_20,rigid_spacer_PEG,0.3500,0.8100,0.9004,1.1600
broad_grid_20,rigid_spacer_PEG,0.4000,0.7600,0.9007,1.1600
broad_grid_20,rigid_spacer_PEG,0.3250,0.8400,0.9002,1.1650
broad_grid_20,rigid_spacer_PEG,0.4250,0.7400,0.9008,1.1650
broad_grid_24,rigid_spacer_PEG,0.3750,0.7900,0.9018,1.1650
broad_grid_20,rigid_spacer_PEG,0.4500,0.7200,0.9007,1.1700
broad_grid_24,mixed_spacer_antifouling,0.2500,0.9200,0.9005,1.1700
broad_grid_24,mixed_spacer_antifouling,0.3000,0.8700,0.9005,1.1700
broad_grid_24,rigid_spacer_PEG,0.4000,0.7700,0.9001,1.1700
triple_ring_24,mixed_spacer_antifouling,0.7000,0.4700,0.9009,1.1700
broad_grid_20,rigid_spacer_PEG,0.4750,0.7000,0.9004,1.1750
broad_grid_24,mixed_spacer_antifouling,0.2250,0.9500,0.9009,1.1750
broad_grid_24,mixed_spacer_antifouling,0.2750,0.9000,0.9013,1.1750
broad_grid_24,mixed_spacer_antifouling,0.3250,0.8500,0.9008,1.1750
hybrid_24,rigid_spacer_PEG,0.5250,0.6500,0.9015,1.1750
broad_grid_20,rigid_spacer_PEG,0.3000,0.8800,0.9010,1.1800
broad_grid_20,rigid_spacer_PEG,0.5000,0.6800,0.9001,1.1800
broad_grid_24,mixed_spacer_antifouling,0.2000,0.9800,0.9012,1.1800
broad_grid_24,mixed_spacer_antifouling,0.3500,0.8300,0.9010,1.1800
broad_grid_20,rigid_spacer_PEG,0.2750,0.9100,0.9005,1.1850
broad_grid_24,mixed_spacer_antifouling,0.3750,0.8100,0.9011,1.1850
broad_grid_24,rigid_spacer_PEG,0.4250,0.7600,0.9002,1.1850
triple_ring_24,mixed_spacer_antifouling,0.7250,0.4600,0.9002,1.1850
broad_grid_24,mixed_spacer_antifouling,0.4000,0.7900,0.9009,1.1900
hybrid_24,rigid_spacer_PEG,0.5500,0.6400,0.9009,1.1900
broad_grid_20,rigid_spacer_PEG,0.5250,0.6700,0.9009,1.1950
broad_grid_24,mixed_spacer_antifouling,0.4250,0.7700,0.9007,1.1950
broad_grid_20,rigid_spacer_PEG,0.2500,0.9500,0.9008,1.2000
broad_grid_20,rigid_spacer_PEG,0.5500,0.6500,0.9003,1.2000
broad_grid_24,mixed_spacer_antifouling,0.4500,0.7500,0.9003,1.2000
broad_grid_24,rigid_spacer_PEG,0.4500,0.7500,0.9002,1.2000
hybrid_24,rigid_spacer_PEG,0.5750,0.6300,0.9003,1.2050
triple_ring_24,mixed_spacer_antifouling,0.7500,0.4600,0.9008,1.2100
broad_grid_20,rigid_spacer_PEG,0.2250,0.9900,0.9009,1.2150
broad_grid_20,rigid_spacer_PEG,0.5750,0.6400,0.9010,1.2150
broad_grid_24,mixed_spacer_antifouling,0.4750,0.7400,0.9011,1.2150
broad_grid_24,rigid_spacer_PEG,0.4750,0.7400,0.9001,1.2150
broad_grid_20,rigid_spacer_PEG,0.6000,0.6200,0.9001,1.2200
broad_grid_24,mixed_spacer_antifouling,0.5000,0.7200,0.9005,1.2200
hybrid_24,rigid_spacer_PEG,0.6000,0.6300,0.9015,1.2300
broad_grid_20,rigid_spacer_PEG,0.6250,0.6100,0.9006,1.2350
broad_grid_24,mixed_spacer_antifouling,0.5250,0.7100,0.9011,1.2350
triple_ring_24,mixed_spacer_antifouling,0.7750,0.4600,0.9013,1.2350
broad_grid_24,mixed_spacer_antifouling,0.5500,0.6900,0.9007,1.2400
broad_grid_24,rigid_spacer_PEG,0.5000,0.7400,0.9017,1.2400
broad_grid_24,mixed_spacer_antifouling,0.5750,0.6700,0.9004,1.2450
hybrid_24,rigid_spacer_PEG,0.6250,0.6200,0.9007,1.2450
broad_grid_20,rigid_spacer_PEG,0.6500,0.6000,0.9009,1.2500
triple_ring_24,mixed_spacer_antifouling,0.8000,0.4500,0.9005,1.2500
broad_grid_24,rigid_spacer_PEG,0.5250,0.7300,0.9014,1.2550
broad_grid_24,mixed_spacer_antifouling,0.6000,0.6600,0.9011,1.2600
broad_grid_24,rigid_spacer_PEG,0.5500,0.7100,0.9001,1.2600
broad_grid_20,rigid_spacer_PEG,0.6750,0.5900,0.9004,1.2650
broad_grid_24,mixed_spacer_antifouling,0.6250,0.6400,0.9005,1.2650
broad_grid_24,rigid_spacer_PEG,0.5750,0.6900,0.9000,1.2650
hybrid_24,rigid_spacer_PEG,0.6500,0.6200,0.9017,1.2700
triple_ring_24,mixed_spacer_antifouling,0.8250,0.4500,0.9009,1.2750
broad_grid_20,rigid_spacer_PEG,0.7000,0.5800,0.9008,1.2800
broad_grid_24,mixed_spacer_antifouling,0.6500,0.6300,0.9010,1.2800
broad_grid_24,rigid_spacer_PEG,0.6000,0.6800,0.9009,1.2800
triple_ring_24,rigid_spacer_PEG,0.3000,0.9800,0.9017,1.2800
broad_grid_24,mixed_spacer_antifouling,0.6750,0.6100,0.9003,1.2850
broad_grid_24,rigid_spacer_PEG,0.6250,0.6600,0.9006,1.2850
hybrid_24,rigid_spacer_PEG,0.6750,0.6100,0.9008,1.2850
triple_ring_24,rigid_spacer_PEG,0.3250,0.9600,0.9013,1.2850
broad_grid_24,rigid_spacer_PEG,0.6500,0.6400,0.9002,1.2900
triple_ring_24,mixed_spacer_antifouling,0.8500,0.4400,0.9000,1.2900
triple_ring_24,rigid_spacer_PEG,0.3500,0.9400,0.9008,1.2900
broad_grid_20,rigid_spacer_PEG,0.7250,0.5700,0.9011,1.2950
triple_ring_24,rigid_spacer_PEG,0.3750,0.9200,0.9001,1.2950
broad_grid_20,rigid_spacer_PEG,0.7500,0.5500,0.9001,1.3000
broad_grid_24,mixed_spacer_antifouling,0.7000,0.6000,0.9007,1.3000
broad_grid_24,rigid_spacer_PEG,0.6750,0.6300,0.9006,1.3050
hybrid_24,rigid_spacer_PEG,0.7000,0.6100,0.9017,1.3100
triple_ring_24,rigid_spacer_PEG,0.4000,0.9100,0.9011,1.3100
broad_grid_24,mixed_spacer_antifouling,0.7250,0.5900,0.9010,1.3150
triple_ring_24,mixed_spacer_antifouling,0.8750,0.4400,0.9004,1.3150
triple_ring_24,rigid_spacer_PEG,0.4250,0.8900,0.9002,1.3150
broad_grid_24,rigid_spacer_PEG,0.7000,0.6200,0.9009,1.3200
rescue_24,mixed_spacer_antifouling,0.7000,0.6200,0.9000,1.3200
triple_ring_24,rigid_spacer_PEG,0.4500,0.8700,0.9002,1.3200
broad_grid_20,rigid_spacer_PEG,0.7750,0.5500,0.9008,1.3250
hybrid_24,rigid_spacer_PEG,0.7250,0.6000,0.9007,1.3250
rescue_24,mixed_spacer_antifouling,0.6750,0.6500,0.9005,1.3250
triple_ring_24,rigid_spacer_PEG,0.4750,0.8500,0.9000,1.3250
broad_grid_24,mixed_spacer_antifouling,0.7500,0.5800,0.9002,1.3300
rescue_24,mixed_spacer_antifouling,0.6500,0.6800,0.9007,1.3300
broad_grid_24,rigid_spacer_PEG,0.7250,0.6100,0.9012,1.3350
rescue_24,mixed_spacer_antifouling,0.6250,0.7100,0.9007,1.3350
sunflower_20,mixed_spacer_antifouling,0.7750,0.5600,0.9003,1.3350
sunflower_20,mixed_spacer_antifouling,0.8250,0.5100,0.9004,1.3350
sunflower_20,mixed_spacer_antifouling,0.8750,0.4600,0.9001,1.3350
hybrid_24,mixed_spacer_antifouling,0.5000,0.8400,0.9007,1.3400
hybrid_24,mixed_spacer_antifouling,0.5500,0.7900,0.9001,1.3400
rescue_24,mixed_spacer_antifouling,0.6000,0.7400,0.9006,1.3400
sunflower_20,mixed_spacer_antifouling,0.7500,0.5900,0.9005,1.3400
sunflower_20,mixed_spacer_antifouling,0.8000,0.5400,0.9008,1.3400
sunflower_20,mixed_spacer_antifouling,0.8500,0.4900,0.9007,1.3400
sunflower_20,mixed_spacer_antifouling,0.9000,0.4400,0.9003,1.3400
triple_ring_24,mixed_spacer_antifouling,0.9000,0.4400,0.9008,1.3400
triple_ring_24,rigid_spacer_PEG,0.5000,0.8400,0.9012,1.3400
hybrid_24,mixed_spacer_antifouling,0.4750,0.8700,0.9004,1.3450
hybrid_24,mixed_spacer_antifouling,0.5250,0.8200,0.9011,1.3450
hybrid_24,mixed_spacer_antifouling,0.5750,0.7700,0.9002,1.3450
rescue_24,mixed_spacer_antifouling,0.5750,0.7700,0.9004,1.3450
rescue_24,mixed_spacer_antifouling,0.7250,0.6200,0.9014,1.3450
sunflower_20,mixed_spacer_antifouling,0.7250,0.6200,0.9006,1.3450
triple_ring_24,rigid_spacer_PEG,0.5250,0.8200,0.9008,1.3450
broad_grid_20,rigid_spacer_PEG,0.8000,0.5500,0.9013,1.3500
broad_grid_24,rigid_spacer_PEG,0.7500,0.6000,0.9013,1.3500
hybrid_24,mixed_spacer_antifouling,0.6000,0.7500,0.9001,1.3500
hybrid_24,rigid_spacer_PEG,0.7500,0.6000,0.9014,1.3500
rescue_24,mixed_spacer_antifouling,0.5500,0.8000,0.9001,1.3500
sunflower_20,mixed_spacer_antifouling,0.7000,0.6500,0.9006,1.3500
triple_ring_24,rigid_spacer_PEG,0.5500,0.8000,0.9002,1.3500
broad_grid_24,mixed_spacer_antifouling,0.7750,0.5800,0.9008,1.3550
sunflower_20,mixed_spacer_antifouling,0.6750,0.6800,0.9005,1.3550
sunflower_20,mixed_spacer_antifouling,0.9250,0.4300,0.9003,1.3550
hybrid_24,mixed_spacer_antifouling,0.4000,0.9600,0.9000,1.3600
hybrid_24,mixed_spacer_antifouling,0.4500,0.9100,0.9008,1.3600
rescue_24,mixed_spacer_antifouling,0.7500,0.6100,0.9012,1.3600
sunflower_20,mixed_spacer_antifouling,0.6500,0.7100,0.9004,1.3600
broad_grid_20,rigid_spacer_PEG,0.8250,0.5400,0.9000,1.3650
broad_grid_24,rigid_spacer_PEG,0.7750,0.5900,0.9009,1.3650
hybrid_24,mixed_spacer_antifouling,0.3750,0.9900,0.9003,1.3650
hybrid_24,mixed_spacer_antifouling,0.6250,0.7400,0.9012,1.3650
hybrid_24,mixed_spacer_antifouling,0.4250,0.9400,0.9009,1.3650
hybrid_24,rigid_spacer_PEG,0.7750,0.5900,0.9001,1.3650
rescue_24,mixed_spacer_antifouling,0.5250,0.8400,0.9005,1.3650
sunflower_20,mixed_spacer_antifouling,0.6250,0.7400,0.9004,1.3650
triple_ring_24,mixed_spacer_antifouling,0.9250,0.4400,0.9012,1.3650
triple_ring_24,rigid_spacer_PEG,0.5750,0.7900,0.9011,1.3650
hybrid_24,mixed_spacer_antifouling,0.6500,0.7200,0.9010,1.3700
sunflower_20,mixed_spacer_antifouling,0.6000,0.7700,0.9003,1.3700
sunflower_20,mixed_spacer_antifouling,0.9500,0.4200,0.9001,1.3700
triple_ring_24,rigid_spacer_PEG,0.6000,0.7700,0.9003,1.3700
hybrid_24,mixed_spacer_antifouling,0.6750,0.7000,0.9006,1.3750
rescue_24,mixed_spacer_antifouling,0.7750,0.6000,0.9010,1.3750
sunflower_20,mixed_spacer_antifouling,0.5750,0.8000,0.9001,1.3750
broad_grid_24,mixed_spacer_antifouling,0.8000,0.5800,0.9013,1.3800
hybrid_24,mixed_spacer_antifouling,0.7000,0.6800,0.9001,1.3800
rescue_24,mixed_spacer_antifouling,0.5000,0.8800,0.9007,1.3800
triple_ring_24,mixed_spacer_antifouling,0.9500,0.4300,0.9002,1.3800
triple_ring_24,rigid_spacer_PEG,0.6250,0.7600,0.9009,1.3850
broad_grid_20,rigid_spacer_PEG,0.8500,0.5400,0.9004,1.3900
broad_grid_24,rigid_spacer_PEG,0.8000,0.5900,0.9015,1.3900
hybrid_24,rigid_spacer_PEG,0.8000,0.5900,0.9007,1.3900
rescue_24,mixed_spacer_antifouling,0.8000,0.5900,0.9008,1.3900
sunflower_20,mixed_spacer_antifouling,0.5500,0.8400,0.9006,1.3900
broad_grid_24,mixed_spacer_antifouling,0.8250,0.5700,0.9002,1.3950
hybrid_24,mixed_spacer_antifouling,0.7250,0.6700,0.9008,1.3950
rescue_24,mixed_spacer_antifouling,0.4750,0.9200,0.9007,1.3950
sunflower_20,mixed_spacer_antifouling,0.9750,0.4200,0.9009,1.3950
hybrid_24,mixed_spacer_antifouling,0.7500,0.6500,0.9001,1.4000
rescue_24,mixed_spacer_antifouling,0.4500,0.9500,0.9002,1.4000
sunflower_24,mixed_spacer_antifouling,0.5000,0.9000,0.9005,1.4000
sunflower_24,mixed_spacer_antifouling,0.5500,0.8500,0.9002,1.4000
sunflower_24,mixed_spacer_antifouling,0.4500,0.9500,0.9002,1.4000
triple_ring_24,rigid_spacer_PEG,0.6500,0.7500,0.9014,1.4000
broad_grid_24,rigid_spacer_PEG,0.8250,0.5800,0.9002,1.4050
rescue_24,mixed_spacer_antifouling,0.8250,0.5800,0.9004,1.4050
sunflower_20,mixed_spacer_antifouling,0.5250,0.8800,0.9004,1.4050
sunflower_24,mixed_spacer_antifouling,0.4250,0.9800,0.9004,1.4050
sunflower_24,mixed_spacer_antifouling,0.4750,0.9300,0.9011,1.4050
sunflower_24,mixed_spacer_antifouling,0.5250,0.8800,0.9011,1.4050
sunflower_24,mixed_spacer_antifouling,0.5750,0.8300,0.9005,1.4050
triple_ring_24,mixed_spacer_antifouling,0.9750,0.4300,0.9005,1.4050
triple_ring_24,rigid_spacer_PEG,0.6750,0.7300,0.9003,1.4050
sunflower_20,mixed_spacer_antifouling,1.0000,0.4100,0.9006,1.4100
sunflower_24,mixed_spacer_antifouling,0.6000,0.8100,0.9006,1.4100
broad_grid_20,rigid_spacer_PEG,0.8750,0.5400,0.9008,1.4150
hybrid_24,mixed_spacer_antifouling,0.7750,0.6400,0.9006,1.4150
hybrid_24,rigid_spacer_PEG,0.8250,0.5900,0.9013,1.4150
rescue_24,mixed_spacer_antifouling,0.4250,0.9900,0.9011,1.4150
sunflower_24,mixed_spacer_antifouling,0.6250,0.7900,0.9006,1.4150
broad_grid_24,mixed_spacer_antifouling,0.8500,0.5700,0.9006,1.4200
rescue_24,mixed_spacer_antifouling,0.8500,0.5700,0.9000,1.4200
sunflower_20,mixed_spacer_antifouling,0.5000,0.9200,0.9000,1.4200
sunflower_24,mixed_spacer_antifouling,0.6500,0.7700,0.9005,1.4200
triple_ring_24,rigid_spacer_PEG,0.7000,0.7200,0.9006,1.4200
four_patch_24,mixed_spacer_antifouling,0.6250,0.8000,0.9002,1.4250
sunflower_20,mixed_spacer_antifouling,1.0250,0.4000,0.9003,1.4250
sunflower_24,mixed_spacer_antifouling,0.6750,0.7500,0.9003,1.4250
broad_grid_24,rigid_spacer_PEG,0.8500,0.5800,0.9007,1.4300
four_patch_24,mixed_spacer_antifouling,0.6000,0.8300,0.9004,1.4300
four_patch_24,mixed_spacer_antifouling,0.6500,0.7800,0.9008,1.4300
hybrid_24,mixed_spacer_antifouling,0.8000,0.6300,0.9011,1.4300
triple_ring_24,mixed_spacer_antifouling,1.0000,0.4300,0.9008,1.4300
four_patch_24,mixed_spacer_antifouling,0.5750,0.8600,0.9006,1.4350
four_patch_24,mixed_spacer_antifouling,0.6750,0.7600,0.9009,1.4350
hybrid_24,mixed_spacer_antifouling,0.8250,0.6100,0.9001,1.4350
triple_ring_24,rigid_spacer_PEG,0.7250,0.7100,0.9009,1.4350
broad_grid_20,rigid_spacer_PEG,0.9000,0.5400,0.9012,1.4400
four_patch_24,mixed_spacer_antifouling,0.5500,0.8900,0.9005,1.4400
four_patch_24,mixed_spacer_antifouling,0.7000,0.7400,0.9007,1.4400
hybrid_24,rigid_spacer_PEG,0.8500,0.5900,0.9019,1.4400
rescue_24,polyT30_standard,0.4500,0.9900,0.9002,1.4400
rescue_24,rigid_spacer_PEG,0.4500,0.9900,0.9006,1.4400
sunflower_24,mixed_spacer_antifouling,0.7000,0.7400,0.9012,1.4400
broad_grid_24,mixed_spacer_antifouling,0.8750,0.5700,0.9011,1.4450
four_patch_24,mixed_spacer_antifouling,0.7250,0.7200,0.9005,1.4450
rescue_24,mixed_spacer_antifouling,0.8750,0.5700,0.9010,1.4450
sunflower_20,mixed_spacer_antifouling,0.4750,0.9700,0.9004,1.4450
sunflower_24,mixed_spacer_antifouling,0.7250,0.7200,0.9008,1.4450
four_patch_24,mixed_spacer_antifouling,0.7500,0.7000,0.9001,1.4500
hybrid_24,mixed_spacer_antifouling,0.8500,0.6000,0.9004,1.4500
sunflower_20,mixed_spacer_antifouling,1.0500,0.4000,0.9010,1.4500
sunflower_24,mixed_spacer_antifouling,0.7500,0.7000,0.9002,1.4500
triple_ring_24,rigid_spacer_PEG,0.7500,0.7000,0.9007,1.4500
broad_grid_24,rigid_spacer_PEG,0.8750,0.5800,0.9012,1.4550
four_patch_24,mixed_spacer_antifouling,0.5250,0.9300,0.9007,1.4550
hybrid_24,rigid_spacer_PEG,0.8750,0.5800,0.9004,1.4550
rescue_24,polyT30_standard,0.4750,0.9800,0.9007,1.4550
rescue_24,rigid_spacer_PEG,0.4750,0.9800,0.9019,1.4550
triple_ring_24,mixed_spacer_antifouling,1.0250,0.4300,0.9010,1.4550
broad_grid_24,mixed_spacer_antifouling,0.9000,0.5600,0.9006,1.4600
rescue_24,mixed_spacer_antifouling,0.9000,0.5600,0.9006,1.4600
rescue_24,rigid_spacer_PEG,0.5000,0.9600,0.9009,1.4600
broad_grid_20,mixed_spacer_antifouling,0.6250,0.8400,0.9003,1.4650
broad_grid_20,mixed_spacer_antifouling,0.5750,0.8900,0.9002,1.4650
broad_grid_20,rigid_spacer_PEG,0.9250,0.5400,0.9016,1.4650
four_patch_24,mixed_spacer_antifouling,0.7750,0.6900,0.9009,1.4650
hybrid_24,mixed_spacer_antifouling,0.8750,0.5900,0.9006,1.4650
sunflower_20,mixed_spacer_antifouling,1.0750,0.3900,0.9006,1.4650
sunflower_24,mixed_spacer_antifouling,0.7750,0.6900,0.9009,1.4650
broad_grid_20,mixed_spacer_antifouling,0.5500,0.9200,0.9006,1.4700
broad_grid_20,mixed_spacer_antifouling,0.6000,0.8700,0.9009,1.4700
broad_grid_20,mixed_spacer_antifouling,0.6500,0.8200,0.9007,1.4700
four_patch_24,mixed_spacer_antifouling,0.5000,0.9700,0.9006,1.4700
four_patch_24,mixed_spacer_antifouling,0.8000,0.6700,0.9004,1.4700
rescue_24,polyT30_standard,0.5000,0.9700,0.9009,1.4700
sunflower_24,mixed_spacer_antifouling,0.8000,0.6700,0.9006,1.4700
broad_grid_20,mixed_spacer_antifouling,0.5250,0.9500,0.9007,1.4750
broad_grid_20,mixed_spacer_antifouling,0.6750,0.8000,0.9009,1.4750
broad_grid_20,mixed_spacer_antifouling,0.7250,0.7500,0.9000,1.4750
broad_grid_24,mixed_spacer_antifouling,0.9250,0.5500,0.9000,1.4750
rescue_24,mixed_spacer_antifouling,0.9250,0.5500,0.9000,1.4750
rescue_24,rigid_spacer_PEG,0.5250,0.9500,0.9018,1.4750
triple_ring_24,rigid_spacer_PEG,0.7750,0.7000,0.9017,1.4750
broad_grid_20,mixed_spacer_antifouling,0.5000,0.9800,0.9008,1.4800
broad_grid_20,mixed_spacer_antifouling,0.7000,0.7800,0.9011,1.4800
broad_grid_20,rigid_spacer_PEG,0.9500,0.5300,0.9002,1.4800
broad_grid_24,rigid_spacer_PEG,0.9000,0.5800,0.9017,1.4800
hybrid_24,mixed_spacer_antifouling,0.9000,0.5800,0.9007,1.4800
hybrid_24,rigid_spacer_PEG,0.9000,0.5800,0.9009,1.4800
rescue_24,rigid_spacer_PEG,0.5500,0.9300,0.9005,1.4800
sunflower_20,mixed_spacer_antifouling,1.1000,0.3800,0.9002,1.4800
triple_ring_24,mixed_spacer_antifouling,1.0500,0.4300,0.9013,1.4800
four_patch_24,mixed_spacer_antifouling,0.8250,0.6600,0.9010,1.4850
rescue_24,polyT30_standard,0.5250,0.9600,0.9011,1.4850
sunflower_24,mixed_spacer_antifouling,0.8250,0.6600,0.9010,1.4850
sunflower_24,rigid_spacer_PEG,0.5250,0.9600,0.9007,1.4850
broad_grid_20,mixed_spacer_antifouling,0.7500,0.7400,0.9011,1.4900
four_patch_24,mixed_spacer_antifouling,0.8500,0.6400,0.9002,1.4900
sunflower_24,mixed_spacer_antifouling,0.8500,0.6400,0.9001,1.4900
sunflower_24,rigid_spacer_PEG,0.5000,0.9900,0.9008,1.4900
sunflower_24,rigid_spacer_PEG,0.5500,0.9400,0.9011,1.4900
triple_ring_24,rigid_spacer_PEG,0.8000,0.6900,0.9003,1.4900
broad_grid_20,mixed_spacer_antifouling,0.7750,0.7200,0.9009,1.4950
broad_grid_24,rigid_spacer_PEG,0.9250,0.5700,0.9003,1.4950
hybrid_24,mixed_spacer_antifouling,0.9250,0.5700,0.9008,1.4950
rescue_24,rigid_spacer_PEG,0.5750,0.9200,0.9011,1.4950
sunflower_24,rigid_spacer_PEG,0.5750,0.9200,0.9003,1.4950
triple_ring_24,mixed_spacer_antifouling,1.0750,0.4200,0.9002,1.4950
broad_grid_20,mixed_spacer_antifouling,0.8000,0.7000,0.9003,1.5000
broad_grid_24,mixed_spacer_antifouling,0.9500,0.5500,0.9009,1.5000
rescue_24,mixed_spacer_antifouling,0.9500,0.5500,0.9005,1.5000
rescue_24,polyT30_standard,0.5500,0.9500,0.9010,1.5000
broad_grid_20,rigid_spacer_PEG,0.9750,0.5300,0.9005,1.5050
four_patch_24,mixed_spacer_antifouling,0.8750,0.6300,0.9007,1.5050
hybrid_24,rigid_spacer_PEG,0.9250,0.5800,0.9014,1.5050
sunflower_20,mixed_spacer_antifouling,1.1250,0.3800,0.9008,1.5050
sunflower_24,mixed_spacer_antifouling,0.8750,0.6300,0.9004,1.5050
hybrid_24,mixed_spacer_antifouling,0.9500,0.5600,0.9008,1.5100
rescue_24,rigid_spacer_PEG,0.6000,0.9100,0.9016,1.5100
sunflower_24,rigid_spacer_PEG,0.6000,0.9100,0.9012,1.5100
broad_grid_20,mixed_spacer_antifouling,0.8250,0.6900,0.9007,1.5150
broad_grid_24,mixed_spacer_antifouling,0.9750,0.5400,0.9003,1.5150
rescue_24,polyT30_standard,0.5750,0.9400,0.9007,1.5150
sunflower_24,rigid_spacer_PEG,0.6250,0.8900,0.9001,1.5150
triple_ring_24,rigid_spacer_PEG,0.8250,0.6900,0.9011,1.5150
broad_grid_24,rigid_spacer_PEG,0.9500,0.5700,0.9007,1.5200
four_patch_24,mixed_spacer_antifouling,0.9000,0.6200,0.9011,1.5200
sunflower_20,mixed_spacer_antifouling,1.1500,0.3700,0.9003,1.5200
sunflower_24,mixed_spacer_antifouling,0.9000,0.6200,0.9007,1.5200
triple_ring_24,mixed_spacer_antifouling,1.1000,0.4200,0.9004,1.5200
four_patch_24,mixed_spacer_antifouling,0.9250,0.6000,0.9001,1.5250
hybrid_24,mixed_spacer_antifouling,0.9750,0.5500,0.9007,1.5250
rescue_24,mixed_spacer_antifouling,0.9750,0.5500,0.9008,1.5250
rescue_24,rigid_spacer_PEG,0.6250,0.9000,0.9020,1.5250
broad_grid_20,mixed_spacer_antifouling,0.8500,0.6800,0.9010,1.5300
broad_grid_20,rigid_spacer_PEG,1.0000,0.5300,0.9010,1.5300
broad_grid_24,mixed_spacer_antifouling,1.0000,0.5300,0.9002,1.5300
hybrid_24,rigid_spacer_PEG,0.9500,0.5800,0.9018,1.5300
rescue_24,polyT30_standard,0.6000,0.9300,0.9002,1.5300
rescue_24,rigid_spacer_PEG,0.6500,0.8800,0.9003,1.5300
sunflower_24,rigid_spacer_PEG,0.6500,0.8800,0.9007,1.5300
sunflower_24,mixed_spacer_antifouling,0.9250,0.6100,0.9009,1.5350
broad_grid_20,polyT30_PEG_passivated,0.6000,0.9400,0.9005,1.5400
four_patch_24,mixed_spacer_antifouling,0.9500,0.5900,0.9003,1.5400
hybrid_24,mixed_spacer_antifouling,1.0000,0.5400,0.9006,1.5400
triple_ring_24,rigid_spacer_PEG,0.8500,0.6900,0.9019,1.5400
broad_grid_20,mixed_spacer_antifouling,0.8750,0.6700,0.9013,1.5450
broad_grid_20,polyT30_PEG_passivated,0.5750,0.9700,0.9004,1.5450
broad_grid_20,polyT30_PEG_passivated,0.6250,0.9200,0.9007,1.5450
broad_grid_20,rigid_spacer_PEG,1.0250,0.5200,0.9006,1.5450
broad_grid_24,mixed_spacer_antifouling,1.0250,0.5200,0.9001,1.5450
broad_grid_24,rigid_spacer_PEG,0.9750,0.5700,0.9011,1.5450
hybrid_24,rigid_spacer_PEG,0.9750,0.5700,0.9003,1.5450
rescue_24,rigid_spacer_PEG,0.6750,0.8700,0.9006,1.5450
sunflower_20,mixed_spacer_antifouling,1.1750,0.3700,0.9009,1.5450
sunflower_24,rigid_spacer_PEG,0.6750,0.8700,0.9013,1.5450
triple_ring_24,mixed_spacer_antifouling,1.1250,0.4200,0.9006,1.5450
broad_grid_20,mixed_spacer_antifouling,0.9000,0.6500,0.9000,1.5500
broad_grid_20,polyT30_PEG_passivated,0.6500,0.9000,0.9006,1.5500
rescue_24,mixed_spacer_antifouling,1.0000,0.5500,0.9011,1.5500
sunflower_24,mixed_spacer_antifouling,0.9500,0.6000,0.9010,1.5500
broad_grid_20,polyT30_PEG_passivated,0.6750,0.8800,0.9003,1.5550
four_patch_24,mixed_spacer_antifouling,0.9750,0.5800,0.9003,1.5550
hybrid_24,mixed_spacer_antifouling,1.0250,0.5300,0.9004,1.5550
rescue_24,polyT30_standard,0.6250,0.9300,0.9026,1.5550
triple_ring_24,rigid_spacer_PEG,0.8750,0.6800,0.9004,1.5550
broad_grid_20,rigid_spacer_PEG,1.0500,0.5100,0.9002,1.5600
rescue_24,rigid_spacer_PEG,0.7000,0.8600,0.9008,1.5600
sunflower_20,mixed_spacer_antifouling,1.2000,0.3600,0.9003,1.5600
sunflower_24,rigid_spacer_PEG,0.7000,0.8600,0.9018,1.5600
broad_grid_20,mixed_spacer_antifouling,0.9250,0.6400,0.9001,1.5650
rescue_24,mixed_spacer_antifouling,1.0250,0.5400,0.9002,1.5650
sunflower_24,mixed_spacer_antifouling,0.9750,0.5900,0.9010,1.5650
sunflower_24,rigid_spacer_PEG,0.7250,0.8400,0.9001,1.5650
broad_grid_20,polyT30_PEG_passivated,0.7000,0.8700,0.9013,1.5700
broad_grid_24,mixed_spacer_antifouling,1.0500,0.5200,0.9012,1.5700
broad_grid_24,rigid_spacer_PEG,1.0000,0.5700,0.9014,1.5700
hybrid_24,mixed_spacer_antifouling,1.0500,0.5200,0.9002,1.5700
hybrid_24,rigid_spacer_PEG,1.0000,0.5700,0.9006,1.5700
rescue_24,polyT30_standard,0.6500,0.9200,0.9019,1.5700
triple_ring_24,mixed_spacer_antifouling,1.1500,0.4200,0.9008,1.5700
broad_grid_20,polyT30_PEG_passivated,0.7250,0.8500,0.9008,1.5750
rescue_24,rigid_spacer_PEG,0.7250,0.8500,0.9010,1.5750
broad_grid_20,mixed_spacer_antifouling,0.9500,0.6300,0.9001,1.5800
broad_grid_20,polyT30_PEG_passivated,0.7500,0.8300,0.9003,1.5800
four_patch_24,mixed_spacer_antifouling,1.0000,0.5800,0.9011,1.5800
hybrid_24,polyT30_PEG_passivated,0.6000,0.9800,0.9014,1.5800
sunflower_20,rigid_spacer_PEG,0.6000,0.9800,0.9009,1.5800
sunflower_24,mixed_spacer_antifouling,1.0000,0.5800,0.9010,1.5800
sunflower_24,rigid_spacer_PEG,0.7500,0.8300,0.9004,1.5800
triple_ring_24,rigid_spacer_PEG,0.9000,0.6800,0.9011,1.5800
broad_grid_20,rigid_spacer_PEG,1.0750,0.5100,0.9009,1.5850
broad_grid_24,mixed_spacer_antifouling,1.0750,0.5100,0.9010,1.5850
hybrid_24,polyT30_PEG_passivated,0.6250,0.9600,0.9014,1.5850
rescue_24,polyT30_standard,0.6750,0.9100,0.9010,1.5850
sunflower_20,mixed_spacer_antifouling,1.2250,0.3600,0.9009,1.5850
sunflower_20,rigid_spacer_PEG,0.6250,0.9600,0.9014,1.5850
hybrid_24,polyT30_PEG_passivated,0.6500,0.9400,0.9013,1.5900
rescue_24,mixed_spacer_antifouling,1.0500,0.5400,0.9010,1.5900
rescue_24,rigid_spacer_PEG,0.7500,0.8400,0.9010,1.5900
sunflower_20,rigid_spacer_PEG,0.6500,0.9400,0.9008,1.5900
broad_grid_20,mixed_spacer_antifouling,0.9750,0.6200,0.9001,1.5950
broad_grid_20,polyT30_PEG_passivated,0.7750,0.8200,0.9009,1.5950
broad_grid_24,rigid_spacer_PEG,1.0250,0.5700,0.9018,1.5950
four_patch_24,mixed_spacer_antifouling,1.0250,0.5700,0.9002,1.5950
hybrid_24,mixed_spacer_antifouling,1.0750,0.5200,0.9012,1.5950
hybrid_24,polyT30_PEG_passivated,0.6750,0.9200,0.9010,1.5950
hybrid_24,rigid_spacer_PEG,1.0250,0.5700,0.9010,1.5950
sunflower_20,rigid_spacer_PEG,0.6750,0.9200,0.9001,1.5950
sunflower_24,mixed_spacer_antifouling,1.0250,0.5700,0.9009,1.5950
sunflower_24,rigid_spacer_PEG,0.7750,0.8200,0.9005,1.5950
triple_ring_24,mixed_spacer_antifouling,1.1750,0.4200,0.9010,1.5950
broad_grid_20,rigid_spacer_PEG,1.1000,0.5000,0.9004,1.6000
broad_grid_24,mixed_spacer_antifouling,1.1000,0.5000,0.9008,1.6000
rescue_24,polyT30_standard,0.7000,0.9000,0.9000,1.6000
sunflower_20,mixed_spacer_antifouling,1.2500,0.3500,0.9003,1.6000
rescue_24,mixed_spacer_antifouling,1.0750,0.5300,0.9003,1.6050
rescue_24,rigid_spacer_PEG,0.7750,0.8300,0.9009,1.6050
sunflower_24,polyT30_PEG_passivated,0.6250,0.9800,0.9004,1.6050
triple_ring_24,rigid_spacer_PEG,0.9250,0.6800,0.9017,1.6050
broad_grid_20,mixed_spacer_antifouling,1.0000,0.6100,0.9000,1.6100
broad_grid_20,polyT30_PEG_passivated,0.8000,0.8100,0.9014,1.6100
broad_grid_24,rigid_spacer_PEG,1.0500,0.5600,0.9002,1.6100
hybrid_24,mixed_spacer_antifouling,1.1000,0.5100,0.9009,1.6100
hybrid_24,polyT30_PEG_passivated,0.7000,0.9100,0.9011,1.6100
sunflower_20,rigid_spacer_PEG,0.7000,0.9100,0.9010,1.6100
sunflower_24,mixed_spacer_antifouling,1.0500,0.5600,0.9002,1.6100
sunflower_24,polyT30_PEG_passivated,0.6500,0.9600,0.9006,1.6100
sunflower_24,rigid_spacer_PEG,0.8000,0.8100,0.9005,1.6100
broad_grid_24,mixed_spacer_antifouling,1.1250,0.4900,0.9005,1.6150
sunflower_20,rigid_spacer_PEG,0.7250,0.8900,0.9001,1.6150
sunflower_24,polyT30_PEG_passivated,0.6750,0.9400,0.9003,1.6150
four_patch_24,mixed_spacer_antifouling,1.0500,0.5700,0.9009,1.6200
hybrid_24,rigid_spacer_PEG,1.0500,0.5700,0.9013,1.6200
rescue_24,rigid_spacer_PEG,0.8000,0.8200,0.9008,1.6200
triple_ring_24,mixed_spacer_antifouling,1.2000,0.4200,0.9012,1.6200
triple_ring_24,rigid_spacer_PEG,0.9500,0.6700,0.9001,1.6200
broad_grid_20,polyT30_PEG_passivated,0.8250,0.8000,0.9016,1.6250
broad_grid_20,rigid_spacer_PEG,1.1250,0.5000,0.9011,1.6250
hybrid_24,mixed_spacer_antifouling,1.1250,0.5000,0.9005,1.6250
hybrid_24,polyT30_PEG_passivated,0.7250,0.9000,0.9011,1.6250
rescue_24,polyT30_standard,0.7250,0.9000,0.9021,1.6250
sunflower_20,mixed_spacer_antifouling,1.2750,0.3500,0.9008,1.6250
sunflower_24,rigid_spacer_PEG,0.8250,0.8000,0.9005,1.6250
broad_grid_20,polyT30_PEG_passivated,0.8500,0.7800,0.9001,1.6300
broad_grid_24,mixed_spacer_antifouling,1.1500,0.4800,0.9001,1.6300
rescue_24,mixed_spacer_antifouling,1.1000,0.5300,0.9010,1.6300
sunflower_20,rigid_spacer_PEG,0.7500,0.8800,0.9007,1.6300
sunflower_24,polyT30_PEG_passivated,0.7000,0.9300,0.9010,1.6300
triple_ring_24,polyT30_PEG_passivated,0.6500,0.9800,0.9000,1.6300
broad_grid_20,mixed_spacer_antifouling,1.0250,0.6100,0.9013,1.6350
broad_grid_24,rigid_spacer_PEG,1.0750,0.5600,0.9005,1.6350
rescue_24,rigid_spacer_PEG,0.8250,0.8100,0.9005,1.6350
sunflower_24,mixed_spacer_antifouling,1.0750,0.5600,0.9008,1.6350
hybrid_24,mixed_spacer_antifouling,1.1500,0.4900,0.9001,1.6400
hybrid_24,polyT30_PEG_passivated,0.7500,0.8900,0.9010,1.6400
rescue_24,polyT30_standard,0.7500,0.8900,0.9009,1.6400
sunflower_20,mixed_spacer_antifouling,1.3000,0.3400,0.9001,1.6400
sunflower_20,polyT30_PEG_passivated,0.6500,0.9900,0.9007,1.6400
sunflower_24,rigid_spacer_PEG,0.8500,0.7900,0.9003,1.6400
broad_grid_20,polyT30_PEG_passivated,0.8750,0.7700,0.9002,1.6450
four_patch_24,mixed_spacer_antifouling,1.0750,0.5700,0.9016,1.6450
hybrid_24,rigid_spacer_PEG,1.0750,0.5700,0.9016,1.6450
rescue_24,mixed_spacer_antifouling,1.1250,0.5200,0.9002,1.6450
sunflower_20,polyT30_PEG_passivated,0.6750,0.9700,0.9003,1.6450
sunflower_20,rigid_spacer_PEG,0.7750,0.8700,0.9013,1.6450
sunflower_24,polyT30_PEG_passivated,0.7250,0.9200,0.9015,1.6450
triple_ring_24,mixed_spacer_antifouling,1.2250,0.4200,0.9013,1.6450
triple_ring_24,polyT30_PEG_passivated,0.6750,0.9700,0.9013,1.6450
triple_ring_24,rigid_spacer_PEG,0.9750,0.6700,0.9007,1.6450
broad_grid_20,mixed_spacer_antifouling,1.0500,0.6000,0.9011,1.6500
broad_grid_20,rigid_spacer_PEG,1.1500,0.5000,0.9014,1.6500
rescue_24,rigid_spacer_PEG,0.8500,0.8000,0.9002,1.6500
triple_ring_24,polyT30_PEG_passivated,0.7000,0.9500,0.9010,1.6500
broad_grid_24,mixed_spacer_antifouling,1.1750,0.4800,0.9010,1.6550
hybrid_24,polyT30_PEG_passivated,0.7750,0.8800,0.9007,1.6550
sunflower_24,rigid_spacer_PEG,0.8750,0.7800,0.9001,1.6550
triple_ring_24,polyT30_PEG_passivated,0.7250,0.9300,0.9006,1.6550
broad_grid_20,polyT30_PEG_passivated,0.9000,0.7600,0.9002,1.6600
broad_grid_24,rigid_spacer_PEG,1.1000,0.5600,0.9008,1.6600
four_patch_24,mixed_spacer_antifouling,1.1000,0.5600,0.9006,1.6600
sunflower_20,polyT30_PEG_passivated,0.7000,0.9600,0.9015,1.6600
sunflower_20,rigid_spacer_PEG,0.8000,0.8600,0.9017,1.6600
sunflower_24,mixed_spacer_antifouling,1.1000,0.5600,0.9014,1.6600
sunflower_24,polyT30_PEG_passivated,0.7500,0.9100,0.9020,1.6600
triple_ring_24,mixed_spacer_antifouling,1.2500,0.4100,0.9001,1.6600
triple_ring_24,polyT30_PEG_passivated,0.7500,0.9100,0.9001,1.6600
broad_grid_20,mixed_spacer_antifouling,1.0750,0.5900,0.9008,1.6650
hybrid_24,mixed_spacer_antifouling,1.1750,0.4900,0.9009,1.6650
rescue_24,polyT30_standard,0.7750,0.8900,0.9028,1.6650
sunflower_20,mixed_spacer_antifouling,1.3250,0.3400,0.9006,1.6650
sunflower_20,polyT30_PEG_passivated,0.7250,0.9400,0.9009,1.6650
sunflower_20,rigid_spacer_PEG,0.8250,0.8400,0.9003,1.6650
sunflower_24,polyT30_PEG_passivated,0.7750,0.8900,0.9002,1.6650
broad_grid_24,mixed_spacer_antifouling,1.2000,0.4700,0.9006,1.6700
hybrid_24,polyT30_PEG_passivated,0.8000,0.8700,0.9004,1.6700
hybrid_24,rigid_spacer_PEG,1.1000,0.5700,0.9019,1.6700
rescue_24,mixed_spacer_antifouling,1.1500,0.5200,0.9006,1.6700
sunflower_20,polyT30_PEG_passivated,0.7500,0.9200,0.9002,1.6700
triple_ring_24,rigid_spacer_PEG,1.0000,0.6700,0.9013,1.6700
broad_grid_20,polyT30_PEG_passivated,0.9250,0.7500,0.9002,1.6750
broad_grid_20,rigid_spacer_PEG,1.1750,0.5000,0.9016,1.6750
rescue_24,rigid_spacer_PEG,0.8750,0.8000,0.9018,1.6750
sunflower_24,mixed_spacer_antifouling,1.1250,0.5500,0.9004,1.6750
triple_ring_24,polyT30_PEG_passivated,0.7750,0.9000,0.9009,1.6750
broad_grid_20,mixed_spacer_antifouling,1.1000,0.5800,0.9005,1.6800
hybrid_24,mixed_spacer_antifouling,1.2000,0.4800,0.9004,1.6800
rescue_24,polyT30_standard,0.8000,0.8800,0.9014,1.6800
sunflower_20,rigid_spacer_PEG,0.8500,0.8300,0.9006,1.6800
sunflower_24,polyT30_PEG_passivated,0.8000,0.8800,0.9005,1.6800
sunflower_24,rigid_spacer_PEG,0.9000,0.7800,0.9018,1.6800
triple_ring_24,polyT30_PEG_passivated,0.8000,0.8800,0.9002,1.6800
broad_grid_24,mixed_spacer_antifouling,1.2250,0.4600,0.9001,1.6850
broad_grid_24,rigid_spacer_PEG,1.1250,0.5600,0.9011,1.6850
four_patch_24,mixed_spacer_antifouling,1.1250,0.5600,0.9012,1.6850
hybrid_24,polyT30_PEG_passivated,0.8250,0.8600,0.9000,1.6850
hybrid_24,rigid_spacer_PEG,1.1250,0.5600,0.9002,1.6850
sunflower_20,polyT30_PEG_passivated,0.7750,0.9100,0.9010,1.6850
triple_ring_24,mixed_spacer_antifouling,1.2750,0.4100,0.9003,1.6850
triple_ring_24,rigid_spacer_PEG,1.0250,0.6600,0.9001,1.6850
broad_grid_20,polyT30_PEG_passivated,0.9500,0.7400,0.9000,1.6900
broad_grid_20,polyT30_standard,0.7000,0.9900,0.9010,1.6900
broad_grid_20,rigid_spacer_PEG,1.2000,0.4900,0.9002,1.6900
rescue_24,rigid_spacer_PEG,0.9000,0.7900,0.9014,1.6900
sunflower_20,mixed_spacer_antifouling,1.3500,0.3400,0.9010,1.6900
sunflower_20,polyT30_PEG_passivated,0.8000,0.8900,0.9000,1.6900
broad_grid_20,mixed_spacer_antifouling,1.1250,0.5700,0.9001,1.6950
rescue_24,mixed_spacer_antifouling,1.1750,0.5200,0.9008,1.6950
sunflower_20,rigid_spacer_PEG,0.8750,0.8200,0.9010,1.6950
sunflower_24,polyT30_PEG_passivated,0.8250,0.8700,0.9004,1.6950
sunflower_24,rigid_spacer_PEG,0.9250,0.7700,0.9014,1.6950
triple_ring_24,polyT30_PEG_passivated,0.8250,0.8700,0.9009,1.6950
four_patch_24,mixed_spacer_antifouling,1.1500,0.5500,0.9002,1.7000
sunflower_24,mixed_spacer_antifouling,1.1500,0.5500,0.9009,1.7000
broad_grid_20,polyT30_standard,0.7250,0.9800,0.9016,1.7050
hybrid_24,mixed_spacer_antifouling,1.2250,0.4800,0.9009,1.7050
rescue_24,polyT30_standard,0.8250,0.8800,0.9031,1.7050
rescue_24,rigid_spacer_PEG,0.9250,0.7800,0.9008,1.7050
sunflower_20,mixed_spacer_antifouling,1.3750,0.3300,0.9003,1.7050
sunflower_20,polyT30_PEG_passivated,0.8250,0.8800,0.9007,1.7050
broad_grid_24,mixed_spacer_antifouling,1.2500,0.4600,0.9009,1.7100
broad_grid_24,rigid_spacer_PEG,1.1500,0.5600,0.9013,1.7100
hybrid_24,polyT30_PEG_passivated,0.8500,0.8600,0.9018,1.7100
hybrid_24,rigid_spacer_PEG,1.1500,0.5600,0.9005,1.7100
sunflower_20,rigid_spacer_PEG,0.9000,0.8100,0.9014,1.7100
sunflower_24,polyT30_PEG_passivated,0.8500,0.8600,0.9001,1.7100
sunflower_24,rigid_spacer_PEG,0.9500,0.7600,0.9010,1.7100
triple_ring_24,mixed_spacer_antifouling,1.3000,0.4100,0.9004,1.7100
triple_ring_24,polyT30_PEG_passivated,0.8500,0.8600,0.9015,1.7100
triple_ring_24,rigid_spacer_PEG,1.0500,0.6600,0.9009,1.7100
broad_grid_20,polyT30_PEG_passivated,0.9750,0.7400,0.9015,1.7150
broad_grid_20,rigid_spacer_PEG,1.2250,0.4900,0.9004,1.7150
broad_grid_24,polyT30_standard,0.7250,0.9900,0.9008,1.7150
sunflower_20,rigid_spacer_PEG,0.9250,0.7900,0.9003,1.7150
triple_ring_24,polyT30_PEG_passivated,0.8750,0.8400,0.9004,1.7150
broad_grid_20,mixed_spacer_antifouling,1.1500,0.5700,0.9011,1.7200
broad_grid_20,polyT30_standard,0.7500,0.9700,0.9021,1.7200
rescue_24,mixed_spacer_antifouling,1.2000,0.5200,0.9010,1.7200
rescue_24,polyT30_standard,0.8500,0.8700,0.9016,1.7200
rescue_24,rigid_spacer_PEG,0.9500,0.7700,0.9002,1.7200
sunflower_20,polyT30_PEG_passivated,0.8500,0.8700,0.9012,1.7200
broad_grid_20,polyT30_standard,0.7750,0.9500,0.9001,1.7250
broad_grid_24,mixed_spacer_antifouling,1.2750,0.4500,0.9003,1.7250
four_patch_24,mixed_spacer_antifouling,1.1750,0.5500,0.9007,1.7250
hybrid_24,polyT30_PEG_passivated,0.8750,0.8500,0.9012,1.7250
sunflower_24,mixed_spacer_antifouling,1.1750,0.5500,0.9015,1.7250
sunflower_24,rigid_spacer_PEG,0.9750,0.7500,0.9005,1.7250
broad_grid_20,polyT30_PEG_passivated,1.0000,0.7300,0.9012,1.7300
broad_grid_24,polyT30_standard,0.7500,0.9800,0.9004,1.7300
hybrid_24,mixed_spacer_antifouling,1.2500,0.4800,0.9014,1.7300
sunflower_20,mixed_spacer_antifouling,1.4000,0.3300,0.9007,1.7300
sunflower_20,rigid_spacer_PEG,0.9500,0.7800,0.9006,1.7300
triple_ring_24,polyT30_PEG_passivated,0.9000,0.8300,0.9008,1.7300
broad_grid_20,mixed_spacer_antifouling,1.1750,0.5600,0.9007,1.7350
broad_grid_24,rigid_spacer_PEG,1.1750,0.5600,0.9016,1.7350
hybrid_24,rigid_spacer_PEG,1.1750,0.5600,0.9008,1.7350
sunflower_20,polyT30_PEG_passivated,0.8750,0.8600,0.9016,1.7350
sunflower_24,polyT30_PEG_passivated,0.8750,0.8600,0.9020,1.7350
triple_ring_24,mixed_spacer_antifouling,1.3250,0.4100,0.9005,1.7350
triple_ring_24,rigid_spacer_PEG,1.0750,0.6600,0.9017,1.7350
broad_grid_20,polyT30_standard,0.8000,0.9400,0.9004,1.7400
broad_grid_20,rigid_spacer_PEG,1.2500,0.4900,0.9006,1.7400
hybrid_24,polyT30_PEG_passivated,0.9000,0.8400,0.9006,1.7400
sunflower_20,polyT30_PEG_passivated,0.9000,0.8400,0.9003,1.7400
sunflower_24,mixed_spacer_antifouling,1.2000,0.5400,0.9004,1.7400
sunflower_24,polyT30_standard,0.7500,0.9900,0.9013,1.7400
broad_grid_20,polyT30_PEG_passivated,1.0250,0.7200,0.9009,1.7450
broad_grid_24,polyT30_standard,0.7750,0.9700,0.9004,1.7450
hybrid_24,mixed_spacer_antifouling,1.2750,0.4700,0.9003,1.7450
rescue_24,mixed_spacer_antifouling,1.2250,0.5200,0.9012,1.7450
rescue_24,polyT30_standard,0.8750,0.8700,0.9031,1.7450
rescue_24,rigid_spacer_PEG,0.9750,0.7700,0.9015,1.7450
sunflower_20,rigid_spacer_PEG,0.9750,0.7700,0.9008,1.7450
triple_ring_24,polyT30_PEG_passivated,0.9250,0.8200,0.9011,1.7450
broad_grid_20,mixed_spacer_antifouling,1.2000,0.5500,0.9002,1.7500
broad_grid_24,mixed_spacer_antifouling,1.3000,0.4500,0.9011,1.7500
four_patch_24,mixed_spacer_antifouling,1.2000,0.5500,0.9013,1.7500
sunflower_24,polyT30_PEG_passivated,0.9000,0.8500,0.9015,1.7500
sunflower_24,rigid_spacer_PEG,1.0000,0.7500,0.9019,1.7500
triple_ring_24,rigid_spacer_PEG,1.1000,0.6500,0.9004,1.7500
broad_grid_20,polyT30_standard,0.8250,0.9300,0.9003,1.7550
sunflower_20,mixed_spacer_antifouling,1.4250,0.3300,0.9011,1.7550
sunflower_20,polyT30_PEG_passivated,0.9250,0.8300,0.9005,1.7550
sunflower_24,polyT30_standard,0.7750,0.9800,0.9012,1.7550
broad_grid_20,polyT30_PEG_passivated,1.0500,0.7100,0.9005,1.7600
broad_grid_24,polyT30_standard,0.8000,0.9600,0.9009,1.7600
broad_grid_24,rigid_spacer_PEG,1.2000,0.5600,0.9018,1.7600
hybrid_24,rigid_spacer_PEG,1.2000,0.5600,0.9010,1.7600
rescue_24,polyT30_standard,0.9000,0.8600,0.9014,1.7600
rescue_24,rigid_spacer_PEG,1.0000,0.7600,0.9008,1.7600
sunflower_20,rigid_spacer_PEG,1.0000,0.7600,0.9010,1.7600
triple_ring_24,mixed_spacer_antifouling,1.3500,0.4100,0.9006,1.7600
triple_ring_24,polyT30_PEG_passivated,0.9500,0.8100,0.9014,1.7600
broad_grid_20,rigid_spacer_PEG,1.2750,0.4900,0.9008,1.7650
broad_grid_24,mixed_spacer_antifouling,1.3250,0.4400,0.9002,1.7650
four_patch_24,mixed_spacer_antifouling,1.2250,0.5400,0.9001,1.7650
hybrid_24,polyT30_PEG_passivated,0.9250,0.8400,0.9022,1.7650
sunflower_24,mixed_spacer_antifouling,1.2250,0.5400,0.9009,1.7650
sunflower_24,polyT30_PEG_passivated,0.9250,0.8400,0.9010,1.7650
sunflower_24,rigid_spacer_PEG,1.0250,0.7400,0.9013,1.7650
triple_ring_24,polyT30_PEG_passivated,0.9750,0.7900,0.9000,1.7650
hybrid_24,mixed_spacer_antifouling,1.3000,0.4700,0.9007,1.7700
rescue_24,mixed_spacer_antifouling,1.2500,0.5200,0.9014,1.7700
sunflower_20,mixed_spacer_antifouling,1.4500,0.3200,0.9000,1.7700
sunflower_20,polyT30_PEG_passivated,0.9500,0.8200,0.9007,1.7700
sunflower_24,polyT30_standard,0.8000,0.9700,0.9009,1.7700
broad_grid_20,mixed_spacer_antifouling,1.2250,0.5500,0.9011,1.7750
broad_grid_20,polyT30_PEG_passivated,1.0750,0.7000,0.9000,1.7750
broad_grid_24,polyT30_standard,0.8250,0.9500,0.9013,1.7750
broad_grid_24,rigid_spacer_PEG,1.2250,0.5500,0.9001,1.7750
sunflower_20,rigid_spacer_PEG,1.0250,0.7500,0.9011,1.7750
triple_ring_24,rigid_spacer_PEG,1.1250,0.6500,0.9011,1.7750
broad_grid_20,polyT30_standard,0.8500,0.9300,0.9024,1.7800
hybrid_24,polyT30_PEG_passivated,0.9500,0.8300,0.9014,1.7800
sunflower_24,mixed_spacer_antifouling,1.2500,0.5300,0.9002,1.7800
sunflower_24,polyT30_PEG_passivated,0.9500,0.8300,0.9004,1.7800
sunflower_24,rigid_spacer_PEG,1.0500,0.7300,0.9005,1.7800
triple_ring_24,polyT30_PEG_passivated,1.0000,0.7800,0.9001,1.7800
hybrid_24,rigid_spacer_PEG,1.2250,0.5600,0.9012,1.7850
rescue_24,polyT30_standard,0.9250,0.8600,0.9028,1.7850
rescue_24,rigid_spacer_PEG,1.0250,0.7600,0.9020,1.7850
sunflower_20,polyT30_PEG_passivated,0.9750,0.8100,0.9006,1.7850
sunflower_24,polyT30_standard,0.8250,0.9600,0.9006,1.7850
triple_ring_24,mixed_spacer_antifouling,1.3750,0.4100,0.9007,1.7850
broad_grid_20,mixed_spacer_antifouling,1.2500,0.5400,0.9005,1.7900
broad_grid_20,rigid_spacer_PEG,1.3000,0.4900,0.9010,1.7900
broad_grid_24,mixed_spacer_antifouling,1.3500,0.4400,0.9005,1.7900
broad_grid_24,polyT30_standard,0.8500,0.9400,0.9015,1.7900
four_patch_24,mixed_spacer_antifouling,1.2500,0.5400,0.9006,1.7900
sunflower_20,rigid_spacer_PEG,1.0500,0.7400,0.9010,1.7900
broad_grid_20,polyT30_standard,0.8750,0.9200,0.9015,1.7950
broad_grid_24,polyT30_standard,0.8750,0.9200,0.9005,1.7950
hybrid_24,mixed_spacer_antifouling,1.3250,0.4700,0.9011,1.7950
hybrid_24,polyT30_PEG_passivated,0.9750,0.8200,0.9005,1.7950
rescue_24,mixed_spacer_antifouling,1.2750,0.5200,0.9016,1.7950
sunflower_20,mixed_spacer_antifouling,1.4750,0.3200,0.9000,1.7950
triple_ring_24,polyT30_PEG_passivated,1.0250,0.7700,0.9001,1.7950
broad_grid_20,polyT30_PEG_passivated,1.1000,0.7000,0.9012,1.8000
broad_grid_24,rigid_spacer_PEG,1.2500,0.5500,0.9003,1.8000
rescue_24,polyT30_standard,0.9500,0.8500,0.9010,1.8000
rescue_24,rigid_spacer_PEG,1.0500,0.7500,0.9012,1.8000
sunflower_20,polyT30_PEG_passivated,1.0000,0.8000,0.9003,1.8000
sunflower_24,polyT30_standard,0.8500,0.9500,0.9001,1.8000
triple_ring_24,rigid_spacer_PEG,1.1500,0.6500,0.9018,1.8000
sunflower_20,rigid_spacer_PEG,1.0750,0.7300,0.9004,1.8050
sunflower_24,mixed_spacer_antifouling,1.2750,0.5300,0.9009,1.8050
sunflower_24,polyT30_PEG_passivated,0.9750,0.8300,0.9020,1.8050
sunflower_24,rigid_spacer_PEG,1.0750,0.7300,0.9018,1.8050
broad_grid_20,polyT30_standard,0.9000,0.9100,0.9009,1.8100
broad_grid_24,polyT30_standard,0.9000,0.9100,0.9010,1.8100
hybrid_24,rigid_spacer_PEG,1.2500,0.5600,0.9014,1.8100
rescue_24,mixed_spacer_antifouling,1.3000,0.5100,0.9000,1.8100
triple_ring_24,mixed_spacer_antifouling,1.4000,0.4100,0.9008,1.8100
triple_ring_24,polyT30_PEG_passivated,1.0500,0.7600,0.9001,1.8100
broad_grid_20,mixed_spacer_antifouling,1.2750,0.5400,0.9011,1.8150
broad_grid_20,polyT30_PEG_passivated,1.1250,0.6900,0.9006,1.8150
broad_grid_20,rigid_spacer_PEG,1.3250,0.4900,0.9011,1.8150
broad_grid_24,mixed_spacer_antifouling,1.3750,0.4400,0.9009,1.8150
four_patch_24,mixed_spacer_antifouling,1.2750,0.5400,0.9009,1.8150
rescue_24,rigid_spacer_PEG,1.0750,0.7400,0.9003,1.8150
triple_ring_24,rigid_spacer_PEG,1.1750,0.6400,0.9004,1.8150
hybrid_24,mixed_spacer_antifouling,1.3500,0.4700,0.9015,1.8200
hybrid_24,polyT30_PEG_passivated,1.0000,0.8200,0.9019,1.8200
sunflower_20,mixed_spacer_antifouling,1.5000,0.3200,0.9001,1.8200
sunflower_24,mixed_spacer_antifouling,1.3000,0.5200,0.9001,1.8200
sunflower_24,polyT30_PEG_passivated,1.0000,0.8200,0.9012,1.8200
sunflower_24,rigid_spacer_PEG,1.1000,0.7200,0.9010,1.8200
broad_grid_20,polyT30_standard,0.9250,0.9000,0.9003,1.8250
broad_grid_24,polyT30_standard,0.9250,0.9000,0.9015,1.8250
broad_grid_24,rigid_spacer_PEG,1.2750,0.5500,0.9005,1.8250
rescue_24,polyT30_standard,0.9750,0.8500,0.9023,1.8250
sunflower_20,polyT30_PEG_passivated,1.0250,0.8000,0.9018,1.8250
sunflower_24,polyT30_standard,0.8750,0.9500,0.9023,1.8250
triple_ring_24,polyT30_PEG_passivated,1.0750,0.7500,0.9000,1.8250
broad_grid_20,mixed_spacer_antifouling,1.3000,0.5300,0.9001,1.8300
broad_grid_20,polyT30_PEG_passivated,1.1500,0.6800,0.9000,1.8300
sunflower_20,rigid_spacer_PEG,1.1000,0.7300,0.9016,1.8300
hybrid_24,mixed_spacer_antifouling,1.3750,0.4600,0.9003,1.8350
hybrid_24,polyT30_PEG_passivated,1.0250,0.8100,0.9009,1.8350
hybrid_24,rigid_spacer_PEG,1.2750,0.5600,0.9016,1.8350
rescue_24,mixed_spacer_antifouling,1.3250,0.5100,0.9002,1.8350
sunflower_24,polyT30_PEG_passivated,1.0250,0.8100,0.9004,1.8350
sunflower_24,rigid_spacer_PEG,1.1250,0.7100,0.9001,1.8350
triple_ring_24,mixed_spacer_antifouling,1.4250,0.4100,0.9009,1.8350
broad_grid_20,rigid_spacer_PEG,1.3500,0.4900,0.9013,1.8400
broad_grid_24,mixed_spacer_antifouling,1.4000,0.4400,0.9012,1.8400
broad_grid_24,polyT30_standard,0.9500,0.8900,0.9015,1.8400
four_patch_24,mixed_spacer_antifouling,1.3000,0.5400,0.9010,1.8400
rescue_24,polyT30_standard,1.0000,0.8400,0.9004,1.8400
rescue_24,rigid_spacer_PEG,1.1000,0.7400,0.9014,1.8400
sunflower_20,polyT30_PEG_passivated,1.0500,0.7900,0.9014,1.8400
sunflower_24,polyT30_standard,0.9000,0.9400,0.9017,1.8400
triple_ring_24,rigid_spacer_PEG,1.2000,0.6400,0.9010,1.8400
sunflower_20,rigid_spacer_PEG,1.1250,0.7200,0.9009,1.8450
sunflower_24,mixed_spacer_antifouling,1.3250,0.5200,0.9007,1.8450
broad_grid_20,polyT30_standard,0.9500,0.9000,0.9022,1.8500
broad_grid_24,rigid_spacer_PEG,1.3000,0.5500,0.9006,1.8500
triple_ring_24,polyT30_PEG_passivated,1.1000,0.7500,0.9014,1.8500
broad_grid_20,mixed_spacer_antifouling,1.3250,0.5300,0.9005,1.8550
broad_grid_20,polyT30_PEG_passivated,1.1750,0.6800,0.9011,1.8550
broad_grid_24,mixed_spacer_antifouling,1.4250,0.4300,0.9001,1.8550
broad_grid_24,polyT30_standard,0.9750,0.8800,0.9014,1.8550
rescue_24,rigid_spacer_PEG,1.1250,0.7300,0.9003,1.8550
sunflower_20,polyT30_PEG_passivated,1.0750,0.7800,0.9009,1.8550
sunflower_24,polyT30_standard,0.9250,0.9300,0.9008,1.8550
hybrid_24,mixed_spacer_antifouling,1.4000,0.4600,0.9007,1.8600
hybrid_24,polyT30_PEG_passivated,1.0500,0.8100,0.9022,1.8600
hybrid_24,rigid_spacer_PEG,1.3000,0.5600,0.9018,1.8600
rescue_24,mixed_spacer_antifouling,1.3500,0.5100,0.9003,1.8600
sunflower_20,rigid_spacer_PEG,1.1500,0.7100,0.9002,1.8600
sunflower_24,polyT30_PEG_passivated,1.0500,0.8100,0.9018,1.8600
sunflower_24,rigid_spacer_PEG,1.1500,0.7100,0.9009,1.8600
triple_ring_24,mixed_spacer_antifouling,1.4500,0.4100,0.9010,1.8600
broad_grid_20,polyT30_standard,0.9750,0.8900,0.9019,1.8650
broad_grid_20,rigid_spacer_PEG,1.3750,0.4900,0.9014,1.8650
four_patch_24,mixed_spacer_antifouling,1.3250,0.5400,0.9011,1.8650
rescue_24,polyT30_standard,1.0250,0.8400,0.9015,1.8650
triple_ring_24,polyT30_PEG_passivated,1.1250,0.7400,0.9007,1.8650
triple_ring_24,rigid_spacer_PEG,1.2250,0.6400,0.9016,1.8650
broad_grid_20,polyT30_PEG_passivated,1.2000,0.6700,0.9004,1.8700
broad_grid_24,polyT30_standard,1.0000,0.8700,0.9004,1.8700
sunflower_20,polyT30_PEG_passivated,1.1000,0.7700,0.9003,1.8700
sunflower_24,mixed_spacer_antifouling,1.3500,0.5200,0.9013,1.8700
broad_grid_24,rigid_spacer_PEG,1.3250,0.5500,0.9008,1.8750
hybrid_24,polyT30_PEG_passivated,1.0750,0.8000,0.9011,1.8750
hybrid_24,rigid_spacer_PEG,1.3250,0.5500,0.9004,1.8750
sunflower_24,polyT30_PEG_passivated,1.0750,0.8000,0.9009,1.8750
broad_grid_20,mixed_spacer_antifouling,1.3500,0.5300,0.9009,1.8800
broad_grid_20,polyT30_standard,1.0000,0.8800,0.9015,1.8800
broad_grid_24,mixed_spacer_antifouling,1.4500,0.4300,0.9004,1.8800
rescue_24,rigid_spacer_PEG,1.1500,0.7300,0.9013,1.8800
sunflower_24,polyT30_standard,0.9500,0.9300,0.9028,1.8800
triple_ring_24,rigid_spacer_PEG,1.2500,0.6300,0.9001,1.8800
hybrid_24,mixed_spacer_antifouling,1.4250,0.4600,0.9010,1.8850
rescue_24,mixed_spacer_antifouling,1.3750,0.5100,0.9004,1.8850
sunflower_20,rigid_spacer_PEG,1.1750,0.7100,0.9012,1.8850
sunflower_24,mixed_spacer_antifouling,1.3750,0.5100,0.9004,1.8850
sunflower_24,rigid_spacer_PEG,1.1750,0.7100,0.9016,1.8850
triple_ring_24,mixed_spacer_antifouling,1.4750,0.4100,0.9011,1.8850
broad_grid_20,rigid_spacer_PEG,1.4000,0.4900,0.9016,1.8900
four_patch_24,mixed_spacer_antifouling,1.3500,0.5400,0.9013,1.8900
rescue_24,polyT30_standard,1.0500,0.8400,0.9027,1.8900
triple_ring_24,polyT30_PEG_passivated,1.1500,0.7400,0.9018,1.8900
broad_grid_20,polyT30_PEG_passivated,1.2250,0.6700,0.9013,1.8950
broad_grid_20,polyT30_standard,1.0250,0.8700,0.9010,1.8950
broad_grid_24,polyT30_standard,1.0250,0.8700,0.9020,1.8950
rescue_24,rigid_spacer_PEG,1.1750,0.7200,0.9002,1.8950
sunflower_20,polyT30_PEG_passivated,1.1250,0.7700,0.9016,1.8950
sunflower_24,polyT30_standard,0.9750,0.9200,0.9015,1.8950
broad_grid_24,rigid_spacer_PEG,1.3500,0.5500,0.9009,1.9000
hybrid_24,polyT30_PEG_passivated,1.1000,0.8000,0.9022,1.9000
hybrid_24,rigid_spacer_PEG,1.3500,0.5500,0.9008,1.9000
sunflower_20,rigid_spacer_PEG,1.2000,0.7000,0.9005,1.9000
sunflower_24,polyT30_PEG_passivated,1.1000,0.8000,0.9021,1.9000
broad_grid_20,mixed_spacer_antifouling,1.3750,0.5300,0.9013,1.9050
broad_grid_20,rigid_spacer_PEG,1.4250,0.4800,0.9000,1.9050
broad_grid_24,mixed_spacer_antifouling,1.4750,0.4300,0.9007,1.9050
rescue_24,polyT30_standard,1.0750,0.8300,0.9006,1.9050
triple_ring_24,polyT30_PEG_passivated,1.1750,0.7300,0.9010,1.9050
triple_ring_24,rigid_spacer_PEG,1.2750,0.6300,0.9006,1.9050
broad_grid_20,polyT30_PEG_passivated,1.2500,0.6600,0.9005,1.9100
broad_grid_20,polyT30_standard,1.0500,0.8600,0.9004,1.9100
broad_grid_24,polyT30_standard,1.0500,0.8600,0.9009,1.9100
hybrid_24,mixed_spacer_antifouling,1.4500,0.4600,0.9013,1.9100
rescue_24,mixed_spacer_antifouling,1.4000,0.5100,0.9006,1.9100
sunflower_20,polyT30_PEG_passivated,1.1500,0.7600,0.9009,1.9100
sunflower_24,mixed_spacer_antifouling,1.4000,0.5100,0.9010,1.9100
sunflower_24,rigid_spacer_PEG,1.2000,0.7100,0.9023,1.9100
triple_ring_24,mixed_spacer_antifouling,1.5000,0.4100,0.9012,1.9100
four_patch_24,mixed_spacer_antifouling,1.3750,0.5400,0.9014,1.9150
hybrid_24,polyT30_PEG_passivated,1.1250,0.7900,0.9011,1.9150
sunflower_24,polyT30_PEG_passivated,1.1250,0.7900,0.9011,1.9150
broad_grid_20,mixed_spacer_antifouling,1.4000,0.5200,0.9002,1.9200
rescue_24,rigid_spacer_PEG,1.2000,0.7200,0.9011,1.9200
sunflower_24,polyT30_standard,1.0000,0.9200,0.9032,1.9200
triple_ring_24,polyT30_PEG_passivated,1.2000,0.7200,0.9001,1.9200
broad_grid_24,rigid_spacer_PEG,1.3750,0.5500,0.9011,1.9250
hybrid_24,mixed_spacer_antifouling,1.4750,0.4500,0.9001,1.9250
hybrid_24,rigid_spacer_PEG,1.3750,0.5500,0.9012,1.9250
sunflower_20,polyT30_PEG_passivated,1.1750,0.7500,0.9002,1.9250
sunflower_20,rigid_spacer_PEG,1.2250,0.7000,0.9014,1.9250
sunflower_24,mixed_spacer_antifouling,1.4250,0.5000,0.9001,1.9250
sunflower_24,rigid_spacer_PEG,1.2250,0.7000,0.9006,1.9250
broad_grid_20,rigid_spacer_PEG,1.4500,0.4800,0.9002,1.9300
broad_grid_24,mixed_spacer_antifouling,1.5000,0.4300,0.9010,1.9300
hybrid_24,polyT30_PEG_passivated,1.1500,0.7800,0.9000,1.9300
rescue_24,polyT30_standard,1.1000,0.8300,0.9016,1.9300
sunflower_24,polyT30_PEG_passivated,1.1500,0.7800,0.9000,1.9300
triple_ring_24,rigid_spacer_PEG,1.3000,0.6300,0.9011,1.9300
broad_grid_20,polyT30_PEG_passivated,1.2750,0.6600,0.9014,1.9350
broad_grid_20,polyT30_standard,1.0750,0.8600,0.9020,1.9350
broad_grid_24,polyT30_standard,1.0750,0.8600,0.9024,1.9350
rescue_24,mixed_spacer_antifouling,1.4250,0.5100,0.9007,1.9350
sunflower_24,polyT30_standard,1.0250,0.9100,0.9010,1.9350
four_patch_24,mixed_spacer_antifouling,1.4000,0.5400,0.9015,1.9400
sunflower_20,rigid_spacer_PEG,1.2500,0.6900,0.9005,1.9400
broad_grid_20,mixed_spacer_antifouling,1.4250,0.5200,0.9006,1.9450
rescue_24,rigid_spacer_PEG,1.2250,0.7200,0.9020,1.9450
triple_ring_24,polyT30_PEG_passivated,1.2250,0.7200,0.9011,1.9450
broad_grid_20,polyT30_PEG_passivated,1.3000,0.6500,0.9005,1.9500
broad_grid_20,polyT30_standard,1.1000,0.8500,0.9014,1.9500
broad_grid_24,polyT30_standard,1.1000,0.8500,0.9012,1.9500
broad_grid_24,rigid_spacer_PEG,1.4000,0.5500,0.9012,1.9500
hybrid_24,mixed_spacer_antifouling,1.5000,0.4500,0.9004,1.9500
hybrid_24,rigid_spacer_PEG,1.4000,0.5500,0.9017,1.9500
sunflower_20,polyT30_PEG_passivated,1.2000,0.7500,0.9013,1.9500
sunflower_24,mixed_spacer_antifouling,1.4500,0.5000,0.9006,1.9500
sunflower_24,rigid_spacer_PEG,1.2500,0.7000,0.9012,1.9500
broad_grid_20,rigid_spacer_PEG,1.4750,0.4800,0.9003,1.9550
hybrid_24,polyT30_PEG_passivated,1.1750,0.7800,0.9011,1.9550
rescue_24,polyT30_standard,1.1250,0.8300,0.9026,1.9550
sunflower_24,polyT30_PEG_passivated,1.1750,0.7800,0.9011,1.9550
triple_ring_24,rigid_spacer_PEG,1.3250,0.6300,0.9016,1.9550
rescue_24,mixed_spacer_antifouling,1.4500,0.5100,0.9008,1.9600
rescue_24,rigid_spacer_PEG,1.2500,0.7100,0.9008,1.9600
sunflower_24,polyT30_standard,1.0500,0.9100,0.9024,1.9600
triple_ring_24,polyT30_PEG_passivated,1.2500,0.7100,0.9001,1.9600
broad_grid_20,polyT30_standard,1.1250,0.8400,0.9006,1.9650
four_patch_24,mixed_spacer_antifouling,1.4250,0.5400,0.9016,1.9650
hybrid_24,rigid_spacer_PEG,1.4250,0.5400,0.9004,1.9650
sunflower_20,polyT30_PEG_passivated,1.2250,0.7400,0.9005,1.9650
sunflower_20,rigid_spacer_PEG,1.2750,0.6900,0.9014,1.9650
broad_grid_20,mixed_spacer_antifouling,1.4500,0.5200,0.9009,1.9700
rescue_24,polyT30_standard,1.1500,0.8200,0.9003,1.9700
triple_ring_24,rigid_spacer_PEG,1.3500,0.6200,0.9000,1.9700
broad_grid_20,polyT30_PEG_passivated,1.3250,0.6500,0.9013,1.9750
broad_grid_24,polyT30_standard,1.1250,0.8500,0.9025,1.9750
broad_grid_24,rigid_spacer_PEG,1.4250,0.5500,0.9013,1.9750
sunflower_24,mixed_spacer_antifouling,1.4750,0.5000,0.9011,1.9750
sunflower_24,polyT30_standard,1.0750,0.9000,0.9001,1.9750
sunflower_24,rigid_spacer_PEG,1.2750,0.7000,0.9018,1.9750
broad_grid_20,rigid_spacer_PEG,1.5000,0.4800,0.9004,1.9800
hybrid_24,polyT30_PEG_passivated,1.2000,0.7800,0.9022,1.9800
sunflower_20,rigid_spacer_PEG,1.3000,0.6800,0.9005,1.9800
sunflower_24,polyT30_PEG_passivated,1.2000,0.7800,0.9022,1.9800
rescue_24,mixed_spacer_antifouling,1.4750,0.5100,0.9009,1.9850
rescue_24,rigid_spacer_PEG,1.2750,0.7100,0.9016,1.9850
triple_ring_24,polyT30_PEG_passivated,1.2750,0.7100,0.9010,1.9850
broad_grid_20,polyT30_PEG_passivated,1.3500,0.6400,0.9004,1.9900
broad_grid_20,polyT30_standard,1.1500,0.8400,0.9021,1.9900
broad_grid_24,polyT30_standard,1.1500,0.8400,0.9005,1.9900
four_patch_24,mixed_spacer_antifouling,1.4500,0.5400,0.9016,1.9900
hybrid_24,rigid_spacer_PEG,1.4500,0.5400,0.9007,1.9900
sunflower_20,polyT30_PEG_passivated,1.2500,0.7400,0.9016,1.9900
sunflower_24,mixed_spacer_antifouling,1.5000,0.4900,0.9001,1.9900
sunflower_24,rigid_spacer_PEG,1.3000,0.6900,0.9000,1.9900
broad_grid_20,mixed_spacer_antifouling,1.4750,0.5200,0.9012,1.9950
hybrid_24,polyT30_PEG_passivated,1.2250,0.7700,0.9010,1.9950
rescue_24,polyT30_standard,1.1750,0.8200,0.9012,1.9950
sunflower_24,polyT30_PEG_passivated,1.2250,0.7700,0.9010,1.9950
triple_ring_24,rigid_spacer_PEG,1.3750,0.6200,0.9005,1.9950
broad_grid_24,rigid_spacer_PEG,1.4500,0.5500,0.9015,2.0000
rescue_24,rigid_spacer_PEG,1.3000,0.7000,0.9003,2.0000
sunflower_24,polyT30_standard,1.1000,0.9000,0.9014,2.0000
broad_grid_20,polyT30_standard,1.1750,0.8300,0.9012,2.0050
four_patch_24,mixed_spacer_antifouling,1.4750,0.5300,0.9000,2.0050
sunflower_20,polyT30_PEG_passivated,1.2750,0.7300,0.9007,2.0050
sunflower_20,rigid_spacer_PEG,1.3250,0.6800,0.9012,2.0050
broad_grid_20,mixed_spacer_antifouling,1.5000,0.5100,0.9000,2.0100
rescue_24,mixed_spacer_antifouling,1.5000,0.5100,0.9010,2.0100
triple_ring_24,polyT30_PEG_passivated,1.3000,0.7100,0.9018,2.0100
broad_grid_20,polyT30_PEG_passivated,1.3750,0.6400,0.9009,2.0150
broad_grid_24,polyT30_standard,1.1750,0.8400,0.9016,2.0150
hybrid_24,rigid_spacer_PEG,1.4750,0.5400,0.9011,2.0150
sunflower_24,rigid_spacer_PEG,1.3250,0.6900,0.9006,2.0150
broad_grid_20,polyT30_standard,1.2000,0.8200,0.9002,2.0200
hybrid_24,polyT30_PEG_passivated,1.2500,0.7700,0.9020,2.0200
rescue_24,polyT30_standard,1.2000,0.8200,0.9021,2.0200
sunflower_20,rigid_spacer_PEG,1.3500,0.6700,0.9002,2.0200
sunflower_24,polyT30_PEG_passivated,1.2500,0.7700,0.9020,2.0200
triple_ring_24,rigid_spacer_PEG,1.4000,0.6200,0.9009,2.0200
broad_grid_24,rigid_spacer_PEG,1.4750,0.5500,0.9016,2.0250
rescue_24,rigid_spacer_PEG,1.3250,0.7000,0.9010,2.0250
sunflower_24,polyT30_standard,1.1250,0.9000,0.9026,2.0250
triple_ring_24,polyT30_PEG_passivated,1.3250,0.7000,0.9008,2.0250
four_patch_24,mixed_spacer_antifouling,1.5000,0.5300,0.9001,2.0300
sunflower_20,polyT30_PEG_passivated,1.3000,0.7300,0.9016,2.0300
hybrid_24,polyT30_PEG_passivated,1.2750,0.7600,0.9006,2.0350
sunflower_24,polyT30_PEG_passivated,1.2750,0.7600,0.9006,2.0350
broad_grid_20,polyT30_PEG_passivated,1.4000,0.6400,0.9013,2.0400
broad_grid_24,polyT30_standard,1.2000,0.8400,0.9027,2.0400
hybrid_24,rigid_spacer_PEG,1.5000,0.5400,0.9015,2.0400
sunflower_24,polyT30_standard,1.1500,0.8900,0.9002,2.0400
sunflower_24,rigid_spacer_PEG,1.3500,0.6900,0.9011,2.0400
broad_grid_20,polyT30_standard,1.2250,0.8200,0.9015,2.0450
rescue_24,polyT30_standard,1.2250,0.8200,0.9029,2.0450
sunflower_20,polyT30_PEG_passivated,1.3250,0.7200,0.9006,2.0450
sunflower_20,rigid_spacer_PEG,1.3750,0.6700,0.9009,2.0450
triple_ring_24,rigid_spacer_PEG,1.4250,0.6200,0.9013,2.0450
broad_grid_24,rigid_spacer_PEG,1.5000,0.5500,0.9017,2.0500
rescue_24,rigid_spacer_PEG,1.3500,0.7000,0.9017,2.0500
triple_ring_24,polyT30_PEG_passivated,1.3500,0.7000,0.9015,2.0500
broad_grid_24,polyT30_standard,1.2250,0.8300,0.9002,2.0550
hybrid_24,polyT30_PEG_passivated,1.3000,0.7600,0.9015,2.0600
rescue_24,polyT30_standard,1.2500,0.8100,0.9005,2.0600
sunflower_24,polyT30_PEG_passivated,1.3000,0.7600,0.9015,2.0600
broad_grid_20,polyT30_PEG_passivated,1.4250,0.6400,0.9017,2.0650
rescue_24,rigid_spacer_PEG,1.3750,0.6900,0.9003,2.0650
sunflower_24,polyT30_standard,1.1750,0.8900,0.9013,2.0650
sunflower_24,rigid_spacer_PEG,1.3750,0.6900,0.9016,2.0650
triple_ring_24,polyT30_PEG_passivated,1.3750,0.6900,0.9004,2.0650
broad_grid_20,polyT30_standard,1.2500,0.8200,0.9028,2.0700
sunflower_20,polyT30_PEG_passivated,1.3500,0.7200,0.9015,2.0700
sunflower_20,rigid_spacer_PEG,1.4000,0.6700,0.9016,2.0700
triple_ring_24,rigid_spacer_PEG,1.4500,0.6200,0.9017,2.0700
hybrid_24,polyT30_PEG_passivated,1.3250,0.7500,0.9001,2.0750
sunflower_24,polyT30_PEG_passivated,1.3250,0.7500,0.9001,2.0750
broad_grid_20,polyT30_PEG_passivated,1.4500,0.6300,0.9002,2.0800
broad_grid_24,polyT30_standard,1.2500,0.8300,0.9013,2.0800
broad_grid_20,polyT30_standard,1.2750,0.8100,0.9008,2.0850
rescue_24,polyT30_standard,1.2750,0.8100,0.9012,2.0850
sunflower_20,polyT30_PEG_passivated,1.3750,0.7100,0.9005,2.0850
sunflower_20,rigid_spacer_PEG,1.4250,0.6600,0.9005,2.0850
rescue_24,rigid_spacer_PEG,1.4000,0.6900,0.9009,2.0900
sunflower_24,polyT30_standard,1.2000,0.8900,0.9024,2.0900
sunflower_24,rigid_spacer_PEG,1.4000,0.6900,0.9020,2.0900
triple_ring_24,polyT30_PEG_passivated,1.4000,0.6900,0.9011,2.0900
triple_ring_24,rigid_spacer_PEG,1.4750,0.6200,0.9020,2.0950
hybrid_24,polyT30_PEG_passivated,1.3500,0.7500,0.9010,2.1000
sunflower_24,polyT30_PEG_passivated,1.3500,0.7500,0.9010,2.1000
broad_grid_20,polyT30_PEG_passivated,1.4750,0.6300,0.9006,2.1050
broad_grid_24,polyT30_standard,1.2750,0.8300,0.9022,2.1050
sunflower_24,rigid_spacer_PEG,1.4250,0.6800,0.9002,2.1050
broad_grid_20,polyT30_standard,1.3000,0.8100,0.9019,2.1100
rescue_24,polyT30_standard,1.3000,0.8100,0.9020,2.1100
sunflower_20,polyT30_PEG_passivated,1.4000,0.7100,0.9013,2.1100
sunflower_20,rigid_spacer_PEG,1.4500,0.6600,0.9012,2.1100
triple_ring_24,rigid_spacer_PEG,1.5000,0.6100,0.9003,2.1100
rescue_24,rigid_spacer_PEG,1.4250,0.6900,0.9015,2.1150
sunflower_24,polyT30_standard,1.2250,0.8900,0.9035,2.1150
triple_ring_24,polyT30_PEG_passivated,1.4250,0.6900,0.9018,2.1150
hybrid_24,polyT30_PEG_passivated,1.3750,0.7500,0.9018,2.1250
sunflower_20,polyT30_PEG_passivated,1.4250,0.7000,0.9001,2.1250
sunflower_20,rigid_spacer_PEG,1.4750,0.6500,0.9000,2.1250
sunflower_24,polyT30_PEG_passivated,1.3750,0.7500,0.9018,2.1250
broad_grid_20,polyT30_PEG_passivated,1.5000,0.6300,0.9009,2.1300
broad_grid_24,polyT30_standard,1.3000,0.8300,0.9032,2.1300
rescue_24,rigid_spacer_PEG,1.4500,0.6800,0.9000,2.1300
sunflower_24,polyT30_standard,1.2500,0.8800,0.9008,2.1300
sunflower_24,rigid_spacer_PEG,1.4500,0.6800,0.9006,2.1300
triple_ring_24,polyT30_PEG_passivated,1.4500,0.6800,0.9006,2.1300
broad_grid_20,polyT30_standard,1.3250,0.8100,0.9028,2.1350
rescue_24,polyT30_standard,1.3250,0.8100,0.9026,2.1350
hybrid_24,polyT30_PEG_passivated,1.4000,0.7400,0.9003,2.1400
sunflower_24,polyT30_PEG_passivated,1.4000,0.7400,0.9003,2.1400
broad_grid_24,polyT30_standard,1.3250,0.8200,0.9005,2.1450
broad_grid_20,polyT30_standard,1.3500,0.8000,0.9008,2.1500
rescue_24,polyT30_standard,1.3500,0.8000,0.9001,2.1500
sunflower_20,polyT30_PEG_passivated,1.4500,0.7000,0.9009,2.1500
sunflower_20,rigid_spacer_PEG,1.5000,0.6500,0.9006,2.1500
rescue_24,rigid_spacer_PEG,1.4750,0.6800,0.9006,2.1550
sunflower_24,polyT30_standard,1.2750,0.8800,0.9018,2.1550
sunflower_24,rigid_spacer_PEG,1.4750,0.6800,0.9010,2.1550
triple_ring_24,polyT30_PEG_passivated,1.4750,0.6800,0.9012,2.1550
hybrid_24,polyT30_PEG_passivated,1.4250,0.7400,0.9010,2.1650
sunflower_24,polyT30_PEG_passivated,1.4250,0.7400,0.9010,2.1650
broad_grid_24,polyT30_standard,1.3500,0.8200,0.9014,2.1700
broad_grid_20,polyT30_standard,1.3750,0.8000,0.9017,2.1750
rescue_24,polyT30_standard,1.3750,0.8000,0.9007,2.1750
sunflower_20,polyT30_PEG_passivated,1.4750,0.7000,0.9017,2.1750
rescue_24,rigid_spacer_PEG,1.5000,0.6800,0.9011,2.1800
sunflower_24,polyT30_standard,1.3000,0.8800,0.9027,2.1800
sunflower_24,rigid_spacer_PEG,1.5000,0.6800,0.9014,2.1800
triple_ring_24,polyT30_PEG_passivated,1.5000,0.6800,0.9018,2.1800
hybrid_24,polyT30_PEG_passivated,1.4500,0.7400,0.9017,2.1900
sunflower_20,polyT30_PEG_passivated,1.5000,0.6900,0.9004,2.1900
sunflower_24,polyT30_PEG_passivated,1.4500,0.7400,0.9017,2.1900
broad_grid_24,polyT30_standard,1.3750,0.8200,0.9024,2.1950
broad_grid_20,polyT30_standard,1.4000,0.8000,0.9025,2.2000
rescue_24,polyT30_standard,1.4000,0.8000,0.9013,2.2000
hybrid_24,polyT30_PEG_passivated,1.4750,0.7300,0.9001,2.2050
sunflower_24,polyT30_PEG_passivated,1.4750,0.7300,0.9001,2.2050
sunflower_24,polyT30_standard,1.3250,0.8800,0.9036,2.2050
broad_grid_24,polyT30_standard,1.4000,0.8100,0.9001,2.2100
broad_grid_20,polyT30_standard,1.4250,0.7900,0.9004,2.2150
sunflower_24,polyT30_standard,1.3500,0.8700,0.9007,2.2200
rescue_24,polyT30_standard,1.4250,0.8000,0.9019,2.2250
hybrid_24,polyT30_PEG_passivated,1.5000,0.7300,0.9008,2.2300
sunflower_24,polyT30_PEG_passivated,1.5000,0.7300,0.9008,2.2300
broad_grid_24,polyT30_standard,1.4250,0.8100,0.9010,2.2350
broad_grid_20,polyT30_standard,1.4500,0.7900,0.9011,2.2400
four_patch_24,rigid_spacer_PEG,1.2500,0.9900,0.9011,2.2400
sunflower_24,polyT30_standard,1.3750,0.8700,0.9016,2.2450
rescue_24,polyT30_standard,1.4500,0.8000,0.9024,2.2500
four_patch_24,rigid_spacer_PEG,1.2750,0.9800,0.9009,2.2550
broad_grid_24,polyT30_standard,1.4500,0.8100,0.9019,2.2600
broad_grid_20,polyT30_standard,1.4750,0.7900,0.9018,2.2650
four_patch_24,rigid_spacer_PEG,1.3000,0.9700,0.9007,2.2700
sunflower_24,polyT30_standard,1.4000,0.8700,0.9024,2.2700
rescue_24,polyT30_standard,1.4750,0.8000,0.9030,2.2750
broad_grid_24,polyT30_standard,1.4750,0.8100,0.9027,2.2850
four_patch_24,rigid_spacer_PEG,1.3250,0.9600,0.9004,2.2850
broad_grid_20,polyT30_standard,1.5000,0.7900,0.9024,2.2900
rescue_24,polyT30_standard,1.5000,0.7900,0.9006,2.2900
sunflower_24,polyT30_standard,1.4250,0.8700,0.9031,2.2950
broad_grid_24,polyT30_standard,1.5000,0.8000,0.9002,2.3000
four_patch_24,rigid_spacer_PEG,1.3500,0.9600,0.9021,2.3100
sunflower_24,polyT30_standard,1.4500,0.8600,0.9001,2.3100
four_patch_24,rigid_spacer_PEG,1.3750,0.9500,0.9017,2.3250
sunflower_24,polyT30_standard,1.4750,0.8600,0.9008,2.3350
four_patch_24,rigid_spacer_PEG,1.4000,0.9400,0.9013,2.3400
four_patch_24,rigid_spacer_PEG,1.4250,0.9300,0.9008,2.3550
sunflower_24,polyT30_standard,1.5000,0.8600,0.9015,2.3600
four_patch_24,rigid_spacer_PEG,1.4500,0.9200,0.9002,2.3700
four_patch_24,rigid_spacer_PEG,1.4750,0.9200,0.9017,2.3950
four_patch_24,rigid_spacer_PEG,1.5000,0.9100,0.9011,2.4100
hybrid_24,polyT30_standard,1.5000,0.9900,0.9016,2.4900
