field,anchor_id,x_nm,y_nm,linker_construct
clinical_grid_18_4x3_70nm,A001,-120.000,-60.500,polyT30
clinical_grid_18_4x3_70nm,A002,-114.000,-60.500,polyT30
clinical_grid_18_4x3_70nm,A003,-108.000,-60.500,polyT30
clinical_grid_18_4x3_70nm,A004,-102.000,-60.500,polyT30
clinical_grid_18_4x3_70nm,A005,-96.000,-60.500,polyT30
clinical_grid_18_4x3_70nm,A006,-90.000,-60.500,polyT30
clinical_grid_18_4x3_70nm,A007,-120.000,-52.500,polyT30
clinical_grid_18_4x3_70nm,A008,-114.000,-52.500,polyT30
clinical_grid_18_4x3_70nm,A009,-108.000,-52.500,polyT30
clinical_grid_18_4x3_70nm,A010,-102.000,-52.500,polyT30
clinical_grid_18_4x3_70nm,A011,-96.000,-52.500,polyT30
clinical_grid_18_4x3_70nm,A012,-90.000,-52.500,polyT30
clinical_grid_18_4x3_70nm,A013,-120.000,-44.500,polyT30
clinical_grid_18_4x3_70nm,A014,-114.000,-44.500,polyT30
clinical_grid_18_4x3_70nm,A015,-108.000,-44.500,polyT30
clinical_grid_18_4x3_70nm,A016,-102.000,-44.500,polyT30
clinical_grid_18_4x3_70nm,A017,-96.000,-44.500,polyT30
clinical_grid_18_4x3_70nm,A018,-90.000,-44.500,polyT30
clinical_grid_18_4x3_70nm,A019,-120.000,-8.000,polyT30
clinical_grid_18_4x3_70nm,A020,-114.000,-8.000,polyT30
clinical_grid_18_4x3_70nm,A021,-108.000,-8.000,polyT30
clinical_grid_18_4x3_70nm,A022,-102.000,-8.000,polyT30
clinical_grid_18_4x3_70nm,A023,-96.000,-8.000,polyT30
clinical_grid_18_4x3_70nm,A024,-90.000,-8.000,polyT30
clinical_grid_18_4x3_70nm,A025,-120.000,0.000,polyT30
clinical_grid_18_4x3_70nm,A026,-114.000,0.000,polyT30
clinical_grid_18_4x3_70nm,A027,-108.000,0.000,polyT30
clinical_grid_18_4x3_70nm,A028,-102.000,0.000,polyT30
clinical_grid_18_4x3_70nm,A029,-96.000,0.000,polyT30
clinical_grid_18_4x3_70nm,A030,-90.000,0.000,polyT30
clinical_grid_18_4x3_70nm,A031,-120.000,8.000,polyT30
clinical_grid_18_4x3_70nm,A032,-114.000,8.000,polyT30
clinical_grid_18_4x3_70nm,A033,-108.000,8.000,polyT30
clinical_grid_18_4x3_70nm,A034,-102.000,8.000,polyT30
clinical_grid_18_4x3_70nm,A035,-96.000,8.000,polyT30
clinical_grid_18_4x3_70nm,A036,-90.000,8.000,polyT30
clinical_grid_18_4x3_70nm,A037,-120.000,44.500,polyT30
clinical_grid_18_4x3_70nm,A038,-114.000,44.500,polyT30
clinical_grid_18_4x3_70nm,A039,-108.000,44.500,polyT30
clinical_grid_18_4x3_70nm,A040,-102.000,44.500,polyT30
clinical_grid_18_4x3_70nm,A041,-96.000,44.500,polyT30
clinical_grid_18_4x3_70nm,A042,-90.000,44.500,polyT30
clinical_grid_18_4x3_70nm,A043,-120.000,52.500,polyT30
clinical_grid_18_4x3_70nm,A044,-114.000,52.500,polyT30
clinical_grid_18_4x3_70nm,A045,-108.000,52.500,polyT30
clinical_grid_18_4x3_70nm,A046,-102.000,52.500,polyT30
clinical_grid_18_4x3_70nm,A047,-96.000,52.500,polyT30
clinical_grid_18_4x3_70nm,A048,-90.000,52.500,polyT30
clinical_grid_18_4x3_70nm,A049,-120.000,60.500,polyT30
clinical_grid_18_4x3_70nm,A050,-114.000,60.500,polyT30
clinical_grid_18_4x3_70nm,A051,-108.000,60.500,polyT30
clinical_grid_18_4x3_70nm,A052,-102.000,60.500,polyT30
clinical_grid_18_4x3_70nm,A053,-96.000,60.500,polyT30
clinical_grid_18_4x3_70nm,A054,-90.000,60.500,polyT30
clinical_grid_18_4x3_70nm,A055,-50.000,-60.500,polyT30
clinical_grid_18_4x3_70nm,A056,-44.000,-60.500,polyT30
clinical_grid_18_4x3_70nm,A057,-38.000,-60.500,polyT30
clinical_grid_18_4x3_70nm,A058,-32.000,-60.500,polyT30
clinical_grid_18_4x3_70nm,A059,-26.000,-60.500,polyT30
clinical_grid_18_4x3_70nm,A060,-20.000,-60.500,polyT30
clinical_grid_18_4x3_70nm,A061,-50.000,-52.500,polyT30
clinical_grid_18_4x3_70nm,A062,-44.000,-52.500,polyT30
clinical_grid_18_4x3_70nm,A063,-38.000,-52.500,polyT30
clinical_grid_18_4x3_70nm,A064,-32.000,-52.500,polyT30
clinical_grid_18_4x3_70nm,A065,-26.000,-52.500,polyT30
clinical_grid_18_4x3_70nm,A066,-20.000,-52.500,polyT30
clinical_grid_18_4x3_70nm,A067,-50.000,-44.500,polyT30
clinical_grid_18_4x3_70nm,A068,-44.000,-44.500,polyT30
clinical_grid_18_4x3_70nm,A069,-38.000,-44.500,polyT30
clinical_grid_18_4x3_70nm,A070,-32.000,-44.500,polyT30
clinical_grid_18_4x3_70nm,A071,-26.000,-44.500,polyT30
clinical_grid_18_4x3_70nm,A072,-20.000,-44.500,polyT30
clinical_grid_18_4x3_70nm,A073,-50.000,-8.000,polyT30
clinical_grid_18_4x3_70nm,A074,-44.000,-8.000,polyT30
clinical_grid_18_4x3_70nm,A075,-38.000,-8.000,polyT30
clinical_grid_18_4x3_70nm,A076,-32.000,-8.000,polyT30
clinical_grid_18_4x3_70nm,A077,-26.000,-8.000,polyT30
clinical_grid_18_4x3_70nm,A078,-20.000,-8.000,polyT30
clinical_grid_18_4x3_70nm,A079,-50.000,0.000,polyT30
clinical_grid_18_4x3_70nm,A080,-44.000,0.000,polyT30
clinical_grid_18_4x3_70nm,A081,-38.000,0.000,polyT30
clinical_grid_18_4x3_70nm,A082,-32.000,0.000,polyT30
clinical_grid_18_4x3_70nm,A083,-26.000,0.000,polyT30
clinical_grid_18_4x3_70nm,A084,-20.000,0.000,polyT30
clinical_grid_18_4x3_70nm,A085,-50.000,8.000,polyT30
clinical_grid_18_4x3_70nm,A086,-44.000,8.000,polyT30
clinical_grid_18_4x3_70nm,A087,-38.000,8.000,polyT30
clinical_grid_18_4x3_70nm,A088,-32.000,8.000,polyT30
clinical_grid_18_4x3_70nm,A089,-26.000,8.000,polyT30
clinical_grid_18_4x3_70nm,A090,-20.000,8.000,polyT30
clinical_grid_18_4x3_70nm,A091,-50.000,44.500,polyT30
clinical_grid_18_4x3_70nm,A092,-44.000,44.500,polyT30
clinical_grid_18_4x3_70nm,A093,-38.000,44.500,polyT30
clinical_grid_18_4x3_70nm,A094,-32.000,44.500,polyT30
clinical_grid_18_4x3_70nm,A095,-26.000,44.500,polyT30
clinical_grid_18_4x3_70nm,A096,-20.000,44.500,polyT30
clinical_grid_18_4x3_70nm,A097,-50.000,52.500,polyT30
clinical_grid_18_4x3_70nm,A098,-44.000,52.500,polyT30
clinical_grid_18_4x3_70nm,A099,-38.000,52.500,polyT30
clinical_grid_18_4x3_70nm,A100,-32.000,52.500,polyT30
clinical_grid_18_4x3_70nm,A101,-26.000,52.500,polyT30
clinical_grid_18_4x3_70nm,A102,-20.000,52.500,polyT30
clinical_grid_18_4x3_70nm,A103,-50.000,60.500,polyT30
clinical_grid_18_4x3_70nm,A104,-44.000,60.500,polyT30
clinical_grid_18_4x3_70nm,A105,-38.000,60.500,polyT30
clinical_grid_18_4x3_70nm,A106,-32.000,60.500,polyT30
clinical_grid_18_4x3_70nm,A107,-26.000,60.500,polyT30
clinical_grid_18_4x3_70nm,A108,-20.000,60.500,polyT30
clinical_grid_18_4x3_70nm,A109,20.000,-60.500,polyT30
clinical_grid_18_4x3_70nm,A110,26.000,-60.500,polyT30
clinical_grid_18_4x3_70nm,A111,32.000,-60.500,polyT30
clinical_grid_18_4x3_70nm,A112,38.000,-60.500,polyT30
clinical_grid_18_4x3_70nm,A113,44.000,-60.500,polyT30
clinical_grid_18_4x3_70nm,A114,50.000,-60.500,polyT30
clinical_grid_18_4x3_70nm,A115,20.000,-52.500,polyT30
clinical_grid_18_4x3_70nm,A116,26.000,-52.500,polyT30
clinical_grid_18_4x3_70nm,A117,32.000,-52.500,polyT30
clinical_grid_18_4x3_70nm,A118,38.000,-52.500,polyT30
clinical_grid_18_4x3_70nm,A119,44.000,-52.500,polyT30
clinical_grid_18_4x3_70nm,A120,50.000,-52.500,polyT30
clinical_grid_18_4x3_70nm,A121,20.000,-44.500,polyT30
clinical_grid_18_4x3_70nm,A122,26.000,-44.500,polyT30
clinical_grid_18_4x3_70nm,A123,32.000,-44.500,polyT30
clinical_grid_18_4x3_70nm,A124,38.000,-44.500,polyT30
clinical_grid_18_4x3_70nm,A125,44.000,-44.500,polyT30
clinical_grid_18_4x3_70nm,A126,50.000,-44.500,polyT30
clinical_grid_18_4x3_70nm,A127,20.000,-8.000,polyT30
clinical_grid_18_4x3_70nm,A128,26.000,-8.000,polyT30
clinical_grid_18_4x3_70nm,A129,32.000,-8.000,polyT30
clinical_grid_18_4x3_70nm,A130,38.000,-8.000,polyT30
clinical_grid_18_4x3_70nm,A131,44.000,-8.000,polyT30
clinical_grid_18_4x3_70nm,A132,50.000,-8.000,polyT30
clinical_grid_18_4x3_70nm,A133,20.000,0.000,polyT30
clinical_grid_18_4x3_70nm,A134,26.000,0.000,polyT30
clinical_grid_18_4x3_70nm,A135,32.000,0.000,polyT30
clinical_grid_18_4x3_70nm,A136,38.000,0.000,polyT30
clinical_grid_18_4x3_70nm,A137,44.000,0.000,polyT30
clinical_grid_18_4x3_70nm,A138,50.000,0.000,polyT30
clinical_grid_18_4x3_70nm,A139,20.000,8.000,polyT30
clinical_grid_18_4x3_70nm,A140,26.000,8.000,polyT30
clinical_grid_18_4x3_70nm,A141,32.000,8.000,polyT30
clinical_grid_18_4x3_70nm,A142,38.000,8.000,polyT30
clinical_grid_18_4x3_70nm,A143,44.000,8.000,polyT30
clinical_grid_18_4x3_70nm,A144,50.000,8.000,polyT30
clinical_grid_18_4x3_70nm,A145,20.000,44.500,polyT30
clinical_grid_18_4x3_70nm,A146,26.000,44.500,polyT30
clinical_grid_18_4x3_70nm,A147,32.000,44.500,polyT30
clinical_grid_18_4x3_70nm,A148,38.000,44.500,polyT30
clinical_grid_18_4x3_70nm,A149,44.000,44.500,polyT30
clinical_grid_18_4x3_70nm,A150,50.000,44.500,polyT30
clinical_grid_18_4x3_70nm,A151,20.000,52.500,polyT30
clinical_grid_18_4x3_70nm,A152,26.000,52.500,polyT30
clinical_grid_18_4x3_70nm,A153,32.000,52.500,polyT30
clinical_grid_18_4x3_70nm,A154,38.000,52.500,polyT30
clinical_grid_18_4x3_70nm,A155,44.000,52.500,polyT30
clinical_grid_18_4x3_70nm,A156,50.000,52.500,polyT30
clinical_grid_18_4x3_70nm,A157,20.000,60.500,polyT30
clinical_grid_18_4x3_70nm,A158,26.000,60.500,polyT30
clinical_grid_18_4x3_70nm,A159,32.000,60.500,polyT30
clinical_grid_18_4x3_70nm,A160,38.000,60.500,polyT30
clinical_grid_18_4x3_70nm,A161,44.000,60.500,polyT30
clinical_grid_18_4x3_70nm,A162,50.000,60.500,polyT30
clinical_grid_18_4x3_70nm,A163,90.000,-60.500,polyT30
clinical_grid_18_4x3_70nm,A164,96.000,-60.500,polyT30
clinical_grid_18_4x3_70nm,A165,102.000,-60.500,polyT30
clinical_grid_18_4x3_70nm,A166,108.000,-60.500,polyT30
clinical_grid_18_4x3_70nm,A167,114.000,-60.500,polyT30
clinical_grid_18_4x3_70nm,A168,120.000,-60.500,polyT30
clinical_grid_18_4x3_70nm,A169,90.000,-52.500,polyT30
clinical_grid_18_4x3_70nm,A170,96.000,-52.500,polyT30
clinical_grid_18_4x3_70nm,A171,102.000,-52.500,polyT30
clinical_grid_18_4x3_70nm,A172,108.000,-52.500,polyT30
clinical_grid_18_4x3_70nm,A173,114.000,-52.500,polyT30
clinical_grid_18_4x3_70nm,A174,120.000,-52.500,polyT30
clinical_grid_18_4x3_70nm,A175,90.000,-44.500,polyT30
clinical_grid_18_4x3_70nm,A176,96.000,-44.500,polyT30
clinical_grid_18_4x3_70nm,A177,102.000,-44.500,polyT30
clinical_grid_18_4x3_70nm,A178,108.000,-44.500,polyT30
clinical_grid_18_4x3_70nm,A179,114.000,-44.500,polyT30
clinical_grid_18_4x3_70nm,A180,120.000,-44.500,polyT30
clinical_grid_18_4x3_70nm,A181,90.000,-8.000,polyT30
clinical_grid_18_4x3_70nm,A182,96.000,-8.000,polyT30
clinical_grid_18_4x3_70nm,A183,102.000,-8.000,polyT30
clinical_grid_18_4x3_70nm,A184,108.000,-8.000,polyT30
clinical_grid_18_4x3_70nm,A185,114.000,-8.000,polyT30
clinical_grid_18_4x3_70nm,A186,120.000,-8.000,polyT30
clinical_grid_18_4x3_70nm,A187,90.000,0.000,polyT30
clinical_grid_18_4x3_70nm,A188,96.000,0.000,polyT30
clinical_grid_18_4x3_70nm,A189,102.000,0.000,polyT30
clinical_grid_18_4x3_70nm,A190,108.000,0.000,polyT30
clinical_grid_18_4x3_70nm,A191,114.000,0.000,polyT30
clinical_grid_18_4x3_70nm,A192,120.000,0.000,polyT30
clinical_grid_18_4x3_70nm,A193,90.000,8.000,polyT30
clinical_grid_18_4x3_70nm,A194,96.000,8.000,polyT30
clinical_grid_18_4x3_70nm,A195,102.000,8.000,polyT30
clinical_grid_18_4x3_70nm,A196,108.000,8.000,polyT30
clinical_grid_18_4x3_70nm,A197,114.000,8.000,polyT30
clinical_grid_18_4x3_70nm,A198,120.000,8.000,polyT30
clinical_grid_18_4x3_70nm,A199,90.000,44.500,polyT30
clinical_grid_18_4x3_70nm,A200,96.000,44.500,polyT30
clinical_grid_18_4x3_70nm,A201,102.000,44.500,polyT30
clinical_grid_18_4x3_70nm,A202,108.000,44.500,polyT30
clinical_grid_18_4x3_70nm,A203,114.000,44.500,polyT30
clinical_grid_18_4x3_70nm,A204,120.000,44.500,polyT30
clinical_grid_18_4x3_70nm,A205,90.000,52.500,polyT30
clinical_grid_18_4x3_70nm,A206,96.000,52.500,polyT30
clinical_grid_18_4x3_70nm,A207,102.000,52.500,polyT30
clinical_grid_18_4x3_70nm,A208,108.000,52.500,polyT30
clinical_grid_18_4x3_70nm,A209,114.000,52.500,polyT30
clinical_grid_18_4x3_70nm,A210,120.000,52.500,polyT30
clinical_grid_18_4x3_70nm,A211,90.000,60.500,polyT30
clinical_grid_18_4x3_70nm,A212,96.000,60.500,polyT30
clinical_grid_18_4x3_70nm,A213,102.000,60.500,polyT30
clinical_grid_18_4x3_70nm,A214,108.000,60.500,polyT30
clinical_grid_18_4x3_70nm,A215,114.000,60.500,polyT30
clinical_grid_18_4x3_70nm,A216,120.000,60.500,polyT30
clinical_grid_18_5x4_70nm,A001,-155.000,-86.750,polyT30
clinical_grid_18_5x4_70nm,A002,-149.000,-86.750,polyT30
clinical_grid_18_5x4_70nm,A003,-143.000,-86.750,polyT30
clinical_grid_18_5x4_70nm,A004,-137.000,-86.750,polyT30
clinical_grid_18_5x4_70nm,A005,-131.000,-86.750,polyT30
clinical_grid_18_5x4_70nm,A006,-125.000,-86.750,polyT30
clinical_grid_18_5x4_70nm,A007,-155.000,-78.750,polyT30
clinical_grid_18_5x4_70nm,A008,-149.000,-78.750,polyT30
clinical_grid_18_5x4_70nm,A009,-143.000,-78.750,polyT30
clinical_grid_18_5x4_70nm,A010,-137.000,-78.750,polyT30
clinical_grid_18_5x4_70nm,A011,-131.000,-78.750,polyT30
clinical_grid_18_5x4_70nm,A012,-125.000,-78.750,polyT30
clinical_grid_18_5x4_70nm,A013,-155.000,-70.750,polyT30
clinical_grid_18_5x4_70nm,A014,-149.000,-70.750,polyT30
clinical_grid_18_5x4_70nm,A015,-143.000,-70.750,polyT30
clinical_grid_18_5x4_70nm,A016,-137.000,-70.750,polyT30
clinical_grid_18_5x4_70nm,A017,-131.000,-70.750,polyT30
clinical_grid_18_5x4_70nm,A018,-125.000,-70.750,polyT30
clinical_grid_18_5x4_70nm,A019,-155.000,-34.250,polyT30
clinical_grid_18_5x4_70nm,A020,-149.000,-34.250,polyT30
clinical_grid_18_5x4_70nm,A021,-143.000,-34.250,polyT30
clinical_grid_18_5x4_70nm,A022,-137.000,-34.250,polyT30
clinical_grid_18_5x4_70nm,A023,-131.000,-34.250,polyT30
clinical_grid_18_5x4_70nm,A024,-125.000,-34.250,polyT30
clinical_grid_18_5x4_70nm,A025,-155.000,-26.250,polyT30
clinical_grid_18_5x4_70nm,A026,-149.000,-26.250,polyT30
clinical_grid_18_5x4_70nm,A027,-143.000,-26.250,polyT30
clinical_grid_18_5x4_70nm,A028,-137.000,-26.250,polyT30
clinical_grid_18_5x4_70nm,A029,-131.000,-26.250,polyT30
clinical_grid_18_5x4_70nm,A030,-125.000,-26.250,polyT30
clinical_grid_18_5x4_70nm,A031,-155.000,-18.250,polyT30
clinical_grid_18_5x4_70nm,A032,-149.000,-18.250,polyT30
clinical_grid_18_5x4_70nm,A033,-143.000,-18.250,polyT30
clinical_grid_18_5x4_70nm,A034,-137.000,-18.250,polyT30
clinical_grid_18_5x4_70nm,A035,-131.000,-18.250,polyT30
clinical_grid_18_5x4_70nm,A036,-125.000,-18.250,polyT30
clinical_grid_18_5x4_70nm,A037,-155.000,18.250,polyT30
clinical_grid_18_5x4_70nm,A038,-149.000,18.250,polyT30
clinical_grid_18_5x4_70nm,A039,-143.000,18.250,polyT30
clinical_grid_18_5x4_70nm,A040,-137.000,18.250,polyT30
clinical_grid_18_5x4_70nm,A041,-131.000,18.250,polyT30
clinical_grid_18_5x4_70nm,A042,-125.000,18.250,polyT30
clinical_grid_18_5x4_70nm,A043,-155.000,26.250,polyT30
clinical_grid_18_5x4_70nm,A044,-149.000,26.250,polyT30
clinical_grid_18_5x4_70nm,A045,-143.000,26.250,polyT30
clinical_grid_18_5x4_70nm,A046,-137.000,26.250,polyT30
clinical_grid_18_5x4_70nm,A047,-131.000,26.250,polyT30
clinical_grid_18_5x4_70nm,A048,-125.000,26.250,polyT30
clinical_grid_18_5x4_70nm,A049,-155.000,34.250,polyT30
clinical_grid_18_5x4_70nm,A050,-149.000,34.250,polyT30
clinical_grid_18_5x4_70nm,A051,-143.000,34.250,polyT30
clinical_grid_18_5x4_70nm,A052,-137.000,34.250,polyT30
clinical_grid_18_5x4_70nm,A053,-131.000,34.250,polyT30
clinical_grid_18_5x4_70nm,A054,-125.000,34.250,polyT30
clinical_grid_18_5x4_70nm,A055,-155.000,70.750,polyT30
clinical_grid_18_5x4_70nm,A056,-149.000,70.750,polyT30
clinical_grid_18_5x4_70nm,A057,-143.000,70.750,polyT30
clinical_grid_18_5x4_70nm,A058,-137.000,70.750,polyT30
clinical_grid_18_5x4_70nm,A059,-131.000,70.750,polyT30
clinical_grid_18_5x4_70nm,A060,-125.000,70.750,polyT30
clinical_grid_18_5x4_70nm,A061,-155.000,78.750,polyT30
clinical_grid_18_5x4_70nm,A062,-149.000,78.750,polyT30
clinical_grid_18_5x4_70nm,A063,-143.000,78.750,polyT30
clinical_grid_18_5x4_70nm,A064,-137.000,78.750,polyT30
clinical_grid_18_5x4_70nm,A065,-131.000,78.750,polyT30
clinical_grid_18_5x4_70nm,A066,-125.000,78.750,polyT30
clinical_grid_18_5x4_70nm,A067,-155.000,86.750,polyT30
clinical_grid_18_5x4_70nm,A068,-149.000,86.750,polyT30
clinical_grid_18_5x4_70nm,A069,-143.000,86.750,polyT30
clinical_grid_18_5x4_70nm,A070,-137.000,86.750,polyT30
clinical_grid_18_5x4_70nm,A071,-131.000,86.750,polyT30
clinical_grid_18_5x4_70nm,A072,-125.000,86.750,polyT30
clinical_grid_18_5x4_70nm,A073,-85.000,-86.750,polyT30
clinical_grid_18_5x4_70nm,A074,-79.000,-86.750,polyT30
clinical_grid_18_5x4_70nm,A075,-73.000,-86.750,polyT30
clinical_grid_18_5x4_70nm,A076,-67.000,-86.750,polyT30
clinical_grid_18_5x4_70nm,A077,-61.000,-86.750,polyT30
clinical_grid_18_5x4_70nm,A078,-55.000,-86.750,polyT30
clinical_grid_18_5x4_70nm,A079,-85.000,-78.750,polyT30
clinical_grid_18_5x4_70nm,A080,-79.000,-78.750,polyT30
clinical_grid_18_5x4_70nm,A081,-73.000,-78.750,polyT30
clinical_grid_18_5x4_70nm,A082,-67.000,-78.750,polyT30
clinical_grid_18_5x4_70nm,A083,-61.000,-78.750,polyT30
clinical_grid_18_5x4_70nm,A084,-55.000,-78.750,polyT30
clinical_grid_18_5x4_70nm,A085,-85.000,-70.750,polyT30
clinical_grid_18_5x4_70nm,A086,-79.000,-70.750,polyT30
clinical_grid_18_5x4_70nm,A087,-73.000,-70.750,polyT30
clinical_grid_18_5x4_70nm,A088,-67.000,-70.750,polyT30
clinical_grid_18_5x4_70nm,A089,-61.000,-70.750,polyT30
clinical_grid_18_5x4_70nm,A090,-55.000,-70.750,polyT30
clinical_grid_18_5x4_70nm,A091,-85.000,-34.250,polyT30
clinical_grid_18_5x4_70nm,A092,-79.000,-34.250,polyT30
clinical_grid_18_5x4_70nm,A093,-73.000,-34.250,polyT30
clinical_grid_18_5x4_70nm,A094,-67.000,-34.250,polyT30
clinical_grid_18_5x4_70nm,A095,-61.000,-34.250,polyT30
clinical_grid_18_5x4_70nm,A096,-55.000,-34.250,polyT30
clinical_grid_18_5x4_70nm,A097,-85.000,-26.250,polyT30
clinical_grid_18_5x4_70nm,A098,-79.000,-26.250,polyT30
clinical_grid_18_5x4_70nm,A099,-73.000,-26.250,polyT30
clinical_grid_18_5x4_70nm,A100,-67.000,-26.250,polyT30
clinical_grid_18_5x4_70nm,A101,-61.000,-26.250,polyT30
clinical_grid_18_5x4_70nm,A102,-55.000,-26.250,polyT30
clinical_grid_18_5x4_70nm,A103,-85.000,-18.250,polyT30
clinical_grid_18_5x4_70nm,A104,-79.000,-18.250,polyT30
clinical_grid_18_5x4_70nm,A105,-73.000,-18.250,polyT30
clinical_grid_18_5x4_70nm,A106,-67.000,-18.250,polyT30
clinical_grid_18_5x4_70nm,A107,-61.000,-18.250,polyT30
clinical_grid_18_5x4_70nm,A108,-55.000,-18.250,polyT30
clinical_grid_18_5x4_70nm,A109,-85.000,18.250,polyT30
clinical_grid_18_5x4_70nm,A110,-79.000,18.250,polyT30
clinical_grid_18_5x4_70nm,A111,-73.000,18.250,polyT30
clinical_grid_18_5x4_70nm,A112,-67.000,18.250,polyT30
clinical_grid_18_5x4_70nm,A113,-61.000,18.250,polyT30
clinical_grid_18_5x4_70nm,A114,-55.000,18.250,polyT30
clinical_grid_18_5x4_70nm,A115,-85.000,26.250,polyT30
clinical_grid_18_5x4_70nm,A116,-79.000,26.250,polyT30
clinical_grid_18_5x4_70nm,A117,-73.000,26.250,polyT30
clinical_grid_18_5x4_70nm,A118,-67.000,26.250,polyT30
clinical_grid_18_5x4_70nm,A119,-61.000,26.250,polyT30
clinical_grid_18_5x4_70nm,A120,-55.000,26.250,polyT30
clinical_grid_18_5x4_70nm,A121,-85.000,34.250,polyT30
clinical_grid_18_5x4_70nm,A122,-79.000,34.250,polyT30
clinical_grid_18_5x4_70nm,A123,-73.000,34.250,polyT30
clinical_grid_18_5x4_70nm,A124,-67.000,34.250,polyT30
clinical_grid_18_5x4_70nm,A125,-61.000,34.250,polyT30
clinical_grid_18_5x4_70nm,A126,-55.000,34.250,polyT30
clinical_grid_18_5x4_70nm,A127,-85.000,70.750,polyT30
clinical_grid_18_5x4_70nm,A128,-79.000,70.750,polyT30
clinical_grid_18_5x4_70nm,A129,-73.000,70.750,polyT30
clinical_grid_18_5x4_70nm,A130,-67.000,70.750,polyT30
clinical_grid_18_5x4_70nm,A131,-61.000,70.750,polyT30
clinical_grid_18_5x4_70nm,A132,-55.000,70.750,polyT30
clinical_grid_18_5x4_70nm,A133,-85.000,78.750,polyT30
clinical_grid_18_5x4_70nm,A134,-79.000,78.750,polyT30
clinical_grid_18_5x4_70nm,A135,-73.000,78.750,polyT30
clinical_grid_18_5x4_70nm,A136,-67.000,78.750,polyT30
clinical_grid_18_5x4_70nm,A137,-61.000,78.750,polyT30
clinical_grid_18_5x4_70nm,A138,-55.000,78.750,polyT30
clinical_grid_18_5x4_70nm,A139,-85.000,86.750,polyT30
clinical_grid_18_5x4_70nm,A140,-79.000,86.750,polyT30
clinical_grid_18_5x4_70nm,A141,-73.000,86.750,polyT30
clinical_grid_18_5x4_70nm,A142,-67.000,86.750,polyT30
clinical_grid_18_5x4_70nm,A143,-61.000,86.750,polyT30
clinical_grid_18_5x4_70nm,A144,-55.000,86.750,polyT30
clinical_grid_18_5x4_70nm,A145,-15.000,-86.750,polyT30
clinical_grid_18_5x4_70nm,A146,-9.000,-86.750,polyT30
clinical_grid_18_5x4_70nm,A147,-3.000,-86.750,polyT30
clinical_grid_18_5x4_70nm,A148,3.000,-86.750,polyT30
clinical_grid_18_5x4_70nm,A149,9.000,-86.750,polyT30
clinical_grid_18_5x4_70nm,A150,15.000,-86.750,polyT30
clinical_grid_18_5x4_70nm,A151,-15.000,-78.750,polyT30
clinical_grid_18_5x4_70nm,A152,-9.000,-78.750,polyT30
clinical_grid_18_5x4_70nm,A153,-3.000,-78.750,polyT30
clinical_grid_18_5x4_70nm,A154,3.000,-78.750,polyT30
clinical_grid_18_5x4_70nm,A155,9.000,-78.750,polyT30
clinical_grid_18_5x4_70nm,A156,15.000,-78.750,polyT30
clinical_grid_18_5x4_70nm,A157,-15.000,-70.750,polyT30
clinical_grid_18_5x4_70nm,A158,-9.000,-70.750,polyT30
clinical_grid_18_5x4_70nm,A159,-3.000,-70.750,polyT30
clinical_grid_18_5x4_70nm,A160,3.000,-70.750,polyT30
clinical_grid_18_5x4_70nm,A161,9.000,-70.750,polyT30
clinical_grid_18_5x4_70nm,A162,15.000,-70.750,polyT30
clinical_grid_18_5x4_70nm,A163,-15.000,-34.250,polyT30
clinical_grid_18_5x4_70nm,A164,-9.000,-34.250,polyT30
clinical_grid_18_5x4_70nm,A165,-3.000,-34.250,polyT30
clinical_grid_18_5x4_70nm,A166,3.000,-34.250,polyT30
clinical_grid_18_5x4_70nm,A167,9.000,-34.250,polyT30
clinical_grid_18_5x4_70nm,A168,15.000,-34.250,polyT30
clinical_grid_18_5x4_70nm,A169,-15.000,-26.250,polyT30
clinical_grid_18_5x4_70nm,A170,-9.000,-26.250,polyT30
clinical_grid_18_5x4_70nm,A171,-3.000,-26.250,polyT30
clinical_grid_18_5x4_70nm,A172,3.000,-26.250,polyT30
clinical_grid_18_5x4_70nm,A173,9.000,-26.250,polyT30
clinical_grid_18_5x4_70nm,A174,15.000,-26.250,polyT30
clinical_grid_18_5x4_70nm,A175,-15.000,-18.250,polyT30
clinical_grid_18_5x4_70nm,A176,-9.000,-18.250,polyT30
clinical_grid_18_5x4_70nm,A177,-3.000,-18.250,polyT30
clinical_grid_18_5x4_70nm,A178,3.000,-18.250,polyT30
clinical_grid_18_5x4_70nm,A179,9.000,-18.250,polyT30
clinical_grid_18_5x4_70nm,A180,15.000,-18.250,polyT30
clinical_grid_18_5x4_70nm,A181,-15.000,18.250,polyT30
clinical_grid_18_5x4_70nm,A182,-9.000,18.250,polyT30
clinical_grid_18_5x4_70nm,A183,-3.000,18.250,polyT30
clinical_grid_18_5x4_70nm,A184,3.000,18.250,polyT30
clinical_grid_18_5x4_70nm,A185,9.000,18.250,polyT30
clinical_grid_18_5x4_70nm,A186,15.000,18.250,polyT30
clinical_grid_18_5x4_70nm,A187,-15.000,26.250,polyT30
clinical_grid_18_5x4_70nm,A188,-9.000,26.250,polyT30
clinical_grid_18_5x4_70nm,A189,-3.000,26.250,polyT30
clinical_grid_18_5x4_70nm,A190,3.000,26.250,polyT30
clinical_grid_18_5x4_70nm,A191,9.000,26.250,polyT30
clinical_grid_18_5x4_70nm,A192,15.000,26.250,polyT30
clinical_grid_18_5x4_70nm,A193,-15.000,34.250,polyT30
clinical_grid_18_5x4_70nm,A194,-9.000,34.250,polyT30
clinical_grid_18_5x4_70nm,A195,-3.000,34.250,polyT30
clinical_grid_18_5x4_70nm,A196,3.000,34.250,polyT30
clinical_grid_18_5x4_70nm,A197,9.000,34.250,polyT30
clinical_grid_18_5x4_70nm,A198,15.000,34.250,polyT30
clinical_grid_18_5x4_70nm,A199,-15.000,70.750,polyT30
clinical_grid_18_5x4_70nm,A200,-9.000,70.750,polyT30
clinical_grid_18_5x4_70nm,A201,-3.000,70.750,polyT30
clinical_grid_18_5x4_70nm,A202,3.000,70.750,polyT30
clinical_grid_18_5x4_70nm,A203,9.000,70.750,polyT30
clinical_grid_18_5x4_70nm,A204,15.000,70.750,polyT30
clinical_grid_18_5x4_70nm,A205,-15.000,78.750,polyT30
clinical_grid_18_5x4_70nm,A206,-9.000,78.750,polyT30
clinical_grid_18_5x4_70nm,A207,-3.000,78.750,polyT30
clinical_grid_18_5x4_70nm,A208,3.000,78.750,polyT30
clinical_grid_18_5x4_70nm,A209,9.000,78.750,polyT30
clinical_grid_18_5x4_70nm,A210,15.000,78.750,polyT30
clinical_grid_18_5x4_70nm,A211,-15.000,86.750,polyT30
clinical_grid_18_5x4_70nm,A212,-9.000,86.750,polyT30
clinical_grid_18_5x4_70nm,A213,-3.000,86.750,polyT30
clinical_grid_18_5x4_70nm,A214,3.000,86.750,polyT30
clinical_grid_18_5x4_70nm,A215,9.000,86.750,polyT30
clinical_grid_18_5x4_70nm,A216,15.000,86.750,polyT30
clinical_grid_18_5x4_70nm,A217,55.000,-86.750,polyT30
clinical_grid_18_5x4_70nm,A218,61.000,-86.750,polyT30
clinical_grid_18_5x4_70nm,A219,67.000,-86.750,polyT30
clinical_grid_18_5x4_70nm,A220,73.000,-86.750,polyT30
clinical_grid_18_5x4_70nm,A221,79.000,-86.750,polyT30
clinical_grid_18_5x4_70nm,A222,85.000,-86.750,polyT30
clinical_grid_18_5x4_70nm,A223,55.000,-78.750,polyT30
clinical_grid_18_5x4_70nm,A224,61.000,-78.750,polyT30
clinical_grid_18_5x4_70nm,A225,67.000,-78.750,polyT30
clinical_grid_18_5x4_70nm,A226,73.000,-78.750,polyT30
clinical_grid_18_5x4_70nm,A227,79.000,-78.750,polyT30
clinical_grid_18_5x4_70nm,A228,85.000,-78.750,polyT30
clinical_grid_18_5x4_70nm,A229,55.000,-70.750,polyT30
clinical_grid_18_5x4_70nm,A230,61.000,-70.750,polyT30
clinical_grid_18_5x4_70nm,A231,67.000,-70.750,polyT30
clinical_grid_18_5x4_70nm,A232,73.000,-70.750,polyT30
clinical_grid_18_5x4_70nm,A233,79.000,-70.750,polyT30
clinical_grid_18_5x4_70nm,A234,85.000,-70.750,polyT30
clinical_grid_18_5x4_70nm,A235,55.000,-34.250,polyT30
clinical_grid_18_5x4_70nm,A236,61.000,-34.250,polyT30
clinical_grid_18_5x4_70nm,A237,67.000,-34.250,polyT30
clinical_grid_18_5x4_70nm,A238,73.000,-34.250,polyT30
clinical_grid_18_5x4_70nm,A239,79.000,-34.250,polyT30
clinical_grid_18_5x4_70nm,A240,85.000,-34.250,polyT30
clinical_grid_18_5x4_70nm,A241,55.000,-26.250,polyT30
clinical_grid_18_5x4_70nm,A242,61.000,-26.250,polyT30
clinical_grid_18_5x4_70nm,A243,67.000,-26.250,polyT30
clinical_grid_18_5x4_70nm,A244,73.000,-26.250,polyT30
clinical_grid_18_5x4_70nm,A245,79.000,-26.250,polyT30
clinical_grid_18_5x4_70nm,A246,85.000,-26.250,polyT30
clinical_grid_18_5x4_70nm,A247,55.000,-18.250,polyT30
clinical_grid_18_5x4_70nm,A248,61.000,-18.250,polyT30
clinical_grid_18_5x4_70nm,A249,67.000,-18.250,polyT30
clinical_grid_18_5x4_70nm,A250,73.000,-18.250,polyT30
clinical_grid_18_5x4_70nm,A251,79.000,-18.250,polyT30
clinical_grid_18_5x4_70nm,A252,85.000,-18.250,polyT30
clinical_grid_18_5x4_70nm,A253,55.000,18.250,polyT30
clinical_grid_18_5x4_70nm,A254,61.000,18.250,polyT30
clinical_grid_18_5x4_70nm,A255,67.000,18.250,polyT30
clinical_grid_18_5x4_70nm,A256,73.000,18.250,polyT30
clinical_grid_18_5x4_70nm,A257,79.000,18.250,polyT30
clinical_grid_18_5x4_70nm,A258,85.000,18.250,polyT30
clinical_grid_18_5x4_70nm,A259,55.000,26.250,polyT30
clinical_grid_18_5x4_70nm,A260,61.000,26.250,polyT30
clinical_grid_18_5x4_70nm,A261,67.000,26.250,polyT30
clinical_grid_18_5x4_70nm,A262,73.000,26.250,polyT30
clinical_grid_18_5x4_70nm,A263,79.000,26.250,polyT30
clinical_grid_18_5x4_70nm,A264,85.000,26.250,polyT30
clinical_grid_18_5x4_70nm,A265,55.000,34.250,polyT30
clinical_grid_18_5x4_70nm,A266,61.000,34.250,polyT30
clinical_grid_18_5x4_70nm,A267,67.000,34.250,polyT30
clinical_grid_18_5x4_70nm,A268,73.000,34.250,polyT30
clinical_grid_18_5x4_70nm,A269,79.000,34.250,polyT30
clinical_grid_18_5x4_70nm,A270,85.000,34.250,polyT30
clinical_grid_18_5x4_70nm,A271,55.000,70.750,polyT30
clinical_grid_18_5x4_70nm,A272,61.000,70.750,polyT30
clinical_grid_18_5x4_70nm,A273,67.000,70.750,polyT30
clinical_grid_18_5x4_70nm,A274,73.000,70.750,polyT30
clinical_grid_18_5x4_70nm,A275,79.000,70.750,polyT30
clinical_grid_18_5x4_70nm,A276,85.000,70.750,polyT30
clinical_grid_18_5x4_70nm,A277,55.000,78.750,polyT30
clinical_grid_18_5x4_70nm,A278,61.000,78.750,polyT30
clinical_grid_18_5x4_70nm,A279,67.000,78.750,polyT30
clinical_grid_18_5x4_70nm,A280,73.000,78.750,polyT30
clinical_grid_18_5x4_70nm,A281,79.000,78.750,polyT30
clinical_grid_18_5x4_70nm,A282,85.000,78.750,polyT30
clinical_grid_18_5x4_70nm,A283,55.000,86.750,polyT30
clinical_grid_18_5x4_70nm,A284,61.000,86.750,polyT30
clinical_grid_18_5x4_70nm,A285,67.000,86.750,polyT30
clinical_grid_18_5x4_70nm,A286,73.000,86.750,polyT30
clinical_grid_18_5x4_70nm,A287,79.000,86.750,polyT30
clinical_grid_18_5x4_70nm,A288,85.000,86.750,polyT30
clinical_grid_18_5x4_70nm,A289,125.000,-86.750,polyT30
clinical_grid_18_5x4_70nm,A290,131.000,-86.750,polyT30
clinical_grid_18_5x4_70nm,A291,137.000,-86.750,polyT30
clinical_grid_18_5x4_70nm,A292,143.000,-86.750,polyT30
clinical_grid_18_5x4_70nm,A293,149.000,-86.750,polyT30
clinical_grid_18_5x4_70nm,A294,155.000,-86.750,polyT30
clinical_grid_18_5x4_70nm,A295,125.000,-78.750,polyT30
clinical_grid_18_5x4_70nm,A296,131.000,-78.750,polyT30
clinical_grid_18_5x4_70nm,A297,137.000,-78.750,polyT30
clinical_grid_18_5x4_70nm,A298,143.000,-78.750,polyT30
clinical_grid_18_5x4_70nm,A299,149.000,-78.750,polyT30
clinical_grid_18_5x4_70nm,A300,155.000,-78.750,polyT30
clinical_grid_18_5x4_70nm,A301,125.000,-70.750,polyT30
clinical_grid_18_5x4_70nm,A302,131.000,-70.750,polyT30
clinical_grid_18_5x4_70nm,A303,137.000,-70.750,polyT30
clinical_grid_18_5x4_70nm,A304,143.000,-70.750,polyT30
clinical_grid_18_5x4_70nm,A305,149.000,-70.750,polyT30
clinical_grid_18_5x4_70nm,A306,155.000,-70.750,polyT30
clinical_grid_18_5x4_70nm,A307,125.000,-34.250,polyT30
clinical_grid_18_5x4_70nm,A308,131.000,-34.250,polyT30
clinical_grid_18_5x4_70nm,A309,137.000,-34.250,polyT30
clinical_grid_18_5x4_70nm,A310,143.000,-34.250,polyT30
clinical_grid_18_5x4_70nm,A311,149.000,-34.250,polyT30
clinical_grid_18_5x4_70nm,A312,155.000,-34.250,polyT30
clinical_grid_18_5x4_70nm,A313,125.000,-26.250,polyT30
clinical_grid_18_5x4_70nm,A314,131.000,-26.250,polyT30
clinical_grid_18_5x4_70nm,A315,137.000,-26.250,polyT30
clinical_grid_18_5x4_70nm,A316,143.000,-26.250,polyT30
clinical_grid_18_5x4_70nm,A317,149.000,-26.250,polyT30
clinical_grid_18_5x4_70nm,A318,155.000,-26.250,polyT30
clinical_grid_18_5x4_70nm,A319,125.000,-18.250,polyT30
clinical_grid_18_5x4_70nm,A320,131.000,-18.250,polyT30
clinical_grid_18_5x4_70nm,A321,137.000,-18.250,polyT30
clinical_grid_18_5x4_70nm,A322,143.000,-18.250,polyT30
clinical_grid_18_5x4_70nm,A323,149.000,-18.250,polyT30
clinical_grid_18_5x4_70nm,A324,155.000,-18.250,polyT30
clinical_grid_18_5x4_70nm,A325,125.000,18.250,polyT30
clinical_grid_18_5x4_70nm,A326,131.000,18.250,polyT30
clinical_grid_18_5x4_70nm,A327,137.000,18.250,polyT30
clinical_grid_18_5x4_70nm,A328,143.000,18.250,polyT30
clinical_grid_18_5x4_70nm,A329,149.000,18.250,polyT30
clinical_grid_18_5x4_70nm,A330,155.000,18.250,polyT30
clinical_grid_18_5x4_70nm,A331,125.000,26.250,polyT30
clinical_grid_18_5x4_70nm,A332,131.000,26.250,polyT30
clinical_grid_18_5x4_70nm,A333,137.000,26.250,polyT30
clinical_grid_18_5x4_70nm,A334,143.000,26.250,polyT30
clinical_grid_18_5x4_70nm,A335,149.000,26.250,polyT30
clinical_grid_18_5x4_70nm,A336,155.000,26.250,polyT30
clinical_grid_18_5x4_70nm,A337,125.000,34.250,polyT30
clinical_grid_18_5x4_70nm,A338,131.000,34.250,polyT30
clinical_grid_18_5x4_70nm,A339,137.000,34.250,polyT30
clinical_grid_18_5x4_70nm,A340,143.000,34.250,polyT30
clinical_grid_18_5x4_70nm,A341,149.000,34.250,polyT30
clinical_grid_18_5x4_70nm,A342,155.000,34.250,polyT30
clinical_grid_18_5x4_70nm,A343,125.000,70.750,polyT30
clinical_grid_18_5x4_70nm,A344,131.000,70.750,polyT30
clinical_grid_18_5x4_70nm,A345,137.000,70.750,polyT30
clinical_grid_18_5x4_70nm,A346,143.000,70.750,polyT30
clinical_grid_18_5x4_70nm,A347,149.000,70.750,polyT30
clinical_grid_18_5x4_70nm,A348,155.000,70.750,polyT30
clinical_grid_18_5x4_70nm,A349,125.000,78.750,polyT30
clinical_grid_18_5x4_70nm,A350,131.000,78.750,polyT30
clinical_grid_18_5x4_70nm,A351,137.000,78.750,polyT30
clinical_grid_18_5x4_70nm,A352,143.000,78.750,polyT30
clinical_grid_18_5x4_70nm,A353,149.000,78.750,polyT30
clinical_grid_18_5x4_70nm,A354,155.000,78.750,polyT30
clinical_grid_18_5x4_70nm,A355,125.000,86.750,polyT30
clinical_grid_18_5x4_70nm,A356,131.000,86.750,polyT30
clinical_grid_18_5x4_70nm,A357,137.000,86.750,polyT30
clinical_grid_18_5x4_70nm,A358,143.000,86.750,polyT30
clinical_grid_18_5x4_70nm,A359,149.000,86.750,polyT30
clinical_grid_18_5x4_70nm,A360,155.000,86.750,polyT30
clinical_dense_24_5x4_90nm,A001,-195.000,-110.250,polyT30
clinical_dense_24_5x4_90nm,A002,-189.000,-110.250,polyT30
clinical_dense_24_5x4_90nm,A003,-183.000,-110.250,polyT30
clinical_dense_24_5x4_90nm,A004,-177.000,-110.250,polyT30
clinical_dense_24_5x4_90nm,A005,-171.000,-110.250,polyT30
clinical_dense_24_5x4_90nm,A006,-165.000,-110.250,polyT30
clinical_dense_24_5x4_90nm,A007,-195.000,-104.250,polyT30
clinical_dense_24_5x4_90nm,A008,-189.000,-104.250,polyT30
clinical_dense_24_5x4_90nm,A009,-183.000,-104.250,polyT30
clinical_dense_24_5x4_90nm,A010,-177.000,-104.250,polyT30
clinical_dense_24_5x4_90nm,A011,-171.000,-104.250,polyT30
clinical_dense_24_5x4_90nm,A012,-165.000,-104.250,polyT30
clinical_dense_24_5x4_90nm,A013,-195.000,-98.250,polyT30
clinical_dense_24_5x4_90nm,A014,-189.000,-98.250,polyT30
clinical_dense_24_5x4_90nm,A015,-183.000,-98.250,polyT30
clinical_dense_24_5x4_90nm,A016,-177.000,-98.250,polyT30
clinical_dense_24_5x4_90nm,A017,-171.000,-98.250,polyT30
clinical_dense_24_5x4_90nm,A018,-165.000,-98.250,polyT30
clinical_dense_24_5x4_90nm,A019,-195.000,-92.250,polyT30
clinical_dense_24_5x4_90nm,A020,-189.000,-92.250,polyT30
clinical_dense_24_5x4_90nm,A021,-183.000,-92.250,polyT30
clinical_dense_24_5x4_90nm,A022,-177.000,-92.250,polyT30
clinical_dense_24_5x4_90nm,A023,-171.000,-92.250,polyT30
clinical_dense_24_5x4_90nm,A024,-165.000,-92.250,polyT30
clinical_dense_24_5x4_90nm,A025,-195.000,-42.750,polyT30
clinical_dense_24_5x4_90nm,A026,-189.000,-42.750,polyT30
clinical_dense_24_5x4_90nm,A027,-183.000,-42.750,polyT30
clinical_dense_24_5x4_90nm,A028,-177.000,-42.750,polyT30
clinical_dense_24_5x4_90nm,A029,-171.000,-42.750,polyT30
clinical_dense_24_5x4_90nm,A030,-165.000,-42.750,polyT30
clinical_dense_24_5x4_90nm,A031,-195.000,-36.750,polyT30
clinical_dense_24_5x4_90nm,A032,-189.000,-36.750,polyT30
clinical_dense_24_5x4_90nm,A033,-183.000,-36.750,polyT30
clinical_dense_24_5x4_90nm,A034,-177.000,-36.750,polyT30
clinical_dense_24_5x4_90nm,A035,-171.000,-36.750,polyT30
clinical_dense_24_5x4_90nm,A036,-165.000,-36.750,polyT30
clinical_dense_24_5x4_90nm,A037,-195.000,-30.750,polyT30
clinical_dense_24_5x4_90nm,A038,-189.000,-30.750,polyT30
clinical_dense_24_5x4_90nm,A039,-183.000,-30.750,polyT30
clinical_dense_24_5x4_90nm,A040,-177.000,-30.750,polyT30
clinical_dense_24_5x4_90nm,A041,-171.000,-30.750,polyT30
clinical_dense_24_5x4_90nm,A042,-165.000,-30.750,polyT30
clinical_dense_24_5x4_90nm,A043,-195.000,-24.750,polyT30
clinical_dense_24_5x4_90nm,A044,-189.000,-24.750,polyT30
clinical_dense_24_5x4_90nm,A045,-183.000,-24.750,polyT30
clinical_dense_24_5x4_90nm,A046,-177.000,-24.750,polyT30
clinical_dense_24_5x4_90nm,A047,-171.000,-24.750,polyT30
clinical_dense_24_5x4_90nm,A048,-165.000,-24.750,polyT30
clinical_dense_24_5x4_90nm,A049,-195.000,24.750,polyT30
clinical_dense_24_5x4_90nm,A050,-189.000,24.750,polyT30
clinical_dense_24_5x4_90nm,A051,-183.000,24.750,polyT30
clinical_dense_24_5x4_90nm,A052,-177.000,24.750,polyT30
clinical_dense_24_5x4_90nm,A053,-171.000,24.750,polyT30
clinical_dense_24_5x4_90nm,A054,-165.000,24.750,polyT30
clinical_dense_24_5x4_90nm,A055,-195.000,30.750,polyT30
clinical_dense_24_5x4_90nm,A056,-189.000,30.750,polyT30
clinical_dense_24_5x4_90nm,A057,-183.000,30.750,polyT30
clinical_dense_24_5x4_90nm,A058,-177.000,30.750,polyT30
clinical_dense_24_5x4_90nm,A059,-171.000,30.750,polyT30
clinical_dense_24_5x4_90nm,A060,-165.000,30.750,polyT30
clinical_dense_24_5x4_90nm,A061,-195.000,36.750,polyT30
clinical_dense_24_5x4_90nm,A062,-189.000,36.750,polyT30
clinical_dense_24_5x4_90nm,A063,-183.000,36.750,polyT30
clinical_dense_24_5x4_90nm,A064,-177.000,36.750,polyT30
clinical_dense_24_5x4_90nm,A065,-171.000,36.750,polyT30
clinical_dense_24_5x4_90nm,A066,-165.000,36.750,polyT30
clinical_dense_24_5x4_90nm,A067,-195.000,42.750,polyT30
clinical_dense_24_5x4_90nm,A068,-189.000,42.750,polyT30
clinical_dense_24_5x4_90nm,A069,-183.000,42.750,polyT30
clinical_dense_24_5x4_90nm,A070,-177.000,42.750,polyT30
clinical_dense_24_5x4_90nm,A071,-171.000,42.750,polyT30
clinical_dense_24_5x4_90nm,A072,-165.000,42.750,polyT30
clinical_dense_24_5x4_90nm,A073,-195.000,92.250,polyT30
clinical_dense_24_5x4_90nm,A074,-189.000,92.250,polyT30
clinical_dense_24_5x4_90nm,A075,-183.000,92.250,polyT30
clinical_dense_24_5x4_90nm,A076,-177.000,92.250,polyT30
clinical_dense_24_5x4_90nm,A077,-171.000,92.250,polyT30
clinical_dense_24_5x4_90nm,A078,-165.000,92.250,polyT30
clinical_dense_24_5x4_90nm,A079,-195.000,98.250,polyT30
clinical_dense_24_5x4_90nm,A080,-189.000,98.250,polyT30
clinical_dense_24_5x4_90nm,A081,-183.000,98.250,polyT30
clinical_dense_24_5x4_90nm,A082,-177.000,98.250,polyT30
clinical_dense_24_5x4_90nm,A083,-171.000,98.250,polyT30
clinical_dense_24_5x4_90nm,A084,-165.000,98.250,polyT30
clinical_dense_24_5x4_90nm,A085,-195.000,104.250,polyT30
clinical_dense_24_5x4_90nm,A086,-189.000,104.250,polyT30
clinical_dense_24_5x4_90nm,A087,-183.000,104.250,polyT30
clinical_dense_24_5x4_90nm,A088,-177.000,104.250,polyT30
clinical_dense_24_5x4_90nm,A089,-171.000,104.250,polyT30
clinical_dense_24_5x4_90nm,A090,-165.000,104.250,polyT30
clinical_dense_24_5x4_90nm,A091,-195.000,110.250,polyT30
clinical_dense_24_5x4_90nm,A092,-189.000,110.250,polyT30
clinical_dense_24_5x4_90nm,A093,-183.000,110.250,polyT30
clinical_dense_24_5x4_90nm,A094,-177.000,110.250,polyT30
clinical_dense_24_5x4_90nm,A095,-171.000,110.250,polyT30
clinical_dense_24_5x4_90nm,A096,-165.000,110.250,polyT30
clinical_dense_24_5x4_90nm,A097,-105.000,-110.250,polyT30
clinical_dense_24_5x4_90nm,A098,-99.000,-110.250,polyT30
clinical_dense_24_5x4_90nm,A099,-93.000,-110.250,polyT30
clinical_dense_24_5x4_90nm,A100,-87.000,-110.250,polyT30
clinical_dense_24_5x4_90nm,A101,-81.000,-110.250,polyT30
clinical_dense_24_5x4_90nm,A102,-75.000,-110.250,polyT30
clinical_dense_24_5x4_90nm,A103,-105.000,-104.250,polyT30
clinical_dense_24_5x4_90nm,A104,-99.000,-104.250,polyT30
clinical_dense_24_5x4_90nm,A105,-93.000,-104.250,polyT30
clinical_dense_24_5x4_90nm,A106,-87.000,-104.250,polyT30
clinical_dense_24_5x4_90nm,A107,-81.000,-104.250,polyT30
clinical_dense_24_5x4_90nm,A108,-75.000,-104.250,polyT30
clinical_dense_24_5x4_90nm,A109,-105.000,-98.250,polyT30
clinical_dense_24_5x4_90nm,A110,-99.000,-98.250,polyT30
clinical_dense_24_5x4_90nm,A111,-93.000,-98.250,polyT30
clinical_dense_24_5x4_90nm,A112,-87.000,-98.250,polyT30
clinical_dense_24_5x4_90nm,A113,-81.000,-98.250,polyT30
clinical_dense_24_5x4_90nm,A114,-75.000,-98.250,polyT30
clinical_dense_24_5x4_90nm,A115,-105.000,-92.250,polyT30
clinical_dense_24_5x4_90nm,A116,-99.000,-92.250,polyT30
clinical_dense_24_5x4_90nm,A117,-93.000,-92.250,polyT30
clinical_dense_24_5x4_90nm,A118,-87.000,-92.250,polyT30
clinical_dense_24_5x4_90nm,A119,-81.000,-92.250,polyT30
clinical_dense_24_5x4_90nm,A120,-75.000,-92.250,polyT30
clinical_dense_24_5x4_90nm,A121,-105.000,-42.750,polyT30
clinical_dense_24_5x4_90nm,A122,-99.000,-42.750,polyT30
clinical_dense_24_5x4_90nm,A123,-93.000,-42.750,polyT30
clinical_dense_24_5x4_90nm,A124,-87.000,-42.750,polyT30
clinical_dense_24_5x4_90nm,A125,-81.000,-42.750,polyT30
clinical_dense_24_5x4_90nm,A126,-75.000,-42.750,polyT30
clinical_dense_24_5x4_90nm,A127,-105.000,-36.750,polyT30
clinical_dense_24_5x4_90nm,A128,-99.000,-36.750,polyT30
clinical_dense_24_5x4_90nm,A129,-93.000,-36.750,polyT30
clinical_dense_24_5x4_90nm,A130,-87.000,-36.750,polyT30
clinical_dense_24_5x4_90nm,A131,-81.000,-36.750,polyT30
clinical_dense_24_5x4_90nm,A132,-75.000,-36.750,polyT30
clinical_dense_24_5x4_90nm,A133,-105.000,-30.750,polyT30
clinical_dense_24_5x4_90nm,A134,-99.000,-30.750,polyT30
clinical_dense_24_5x4_90nm,A135,-93.000,-30.750,polyT30
clinical_dense_24_5x4_90nm,A136,-87.000,-30.750,polyT30
clinical_dense_24_5x4_90nm,A137,-81.000,-30.750,polyT30
clinical_dense_24_5x4_90nm,A138,-75.000,-30.750,polyT30
clinical_dense_24_5x4_90nm,A139,-105.000,-24.750,polyT30
clinical_dense_24_5x4_90nm,A140,-99.000,-24.750,polyT30
clinical_dense_24_5x4_90nm,A141,-93.000,-24.750,polyT30
clinical_dense_24_5x4_90nm,A142,-87.000,-24.750,polyT30
clinical_dense_24_5x4_90nm,A143,-81.000,-24.750,polyT30
clinical_dense_24_5x4_90nm,A144,-75.000,-24.750,polyT30
clinical_dense_24_5x4_90nm,A145,-105.000,24.750,polyT30
clinical_dense_24_5x4_90nm,A146,-99.000,24.750,polyT30
clinical_dense_24_5x4_90nm,A147,-93.000,24.750,polyT30
clinical_dense_24_5x4_90nm,A148,-87.000,24.750,polyT30
clinical_dense_24_5x4_90nm,A149,-81.000,24.750,polyT30
clinical_dense_24_5x4_90nm,A150,-75.000,24.750,polyT30
clinical_dense_24_5x4_90nm,A151,-105.000,30.750,polyT30
clinical_dense_24_5x4_90nm,A152,-99.000,30.750,polyT30
clinical_dense_24_5x4_90nm,A153,-93.000,30.750,polyT30
clinical_dense_24_5x4_90nm,A154,-87.000,30.750,polyT30
clinical_dense_24_5x4_90nm,A155,-81.000,30.750,polyT30
clinical_dense_24_5x4_90nm,A156,-75.000,30.750,polyT30
clinical_dense_24_5x4_90nm,A157,-105.000,36.750,polyT30
clinical_dense_24_5x4_90nm,A158,-99.000,36.750,polyT30
clinical_dense_24_5x4_90nm,A159,-93.000,36.750,polyT30
clinical_dense_24_5x4_90nm,A160,-87.000,36.750,polyT30
clinical_dense_24_5x4_90nm,A161,-81.000,36.750,polyT30
clinical_dense_24_5x4_90nm,A162,-75.000,36.750,polyT30
clinical_dense_24_5x4_90nm,A163,-105.000,42.750,polyT30
clinical_dense_24_5x4_90nm,A164,-99.000,42.750,polyT30
clinical_dense_24_5x4_90nm,A165,-93.000,42.750,polyT30
clinical_dense_24_5x4_90nm,A166,-87.000,42.750,polyT30
clinical_dense_24_5x4_90nm,A167,-81.000,42.750,polyT30
clinical_dense_24_5x4_90nm,A168,-75.000,42.750,polyT30
clinical_dense_24_5x4_90nm,A169,-105.000,92.250,polyT30
clinical_dense_24_5x4_90nm,A170,-99.000,92.250,polyT30
clinical_dense_24_5x4_90nm,A171,-93.000,92.250,polyT30
clinical_dense_24_5x4_90nm,A172,-87.000,92.250,polyT30
clinical_dense_24_5x4_90nm,A173,-81.000,92.250,polyT30
clinical_dense_24_5x4_90nm,A174,-75.000,92.250,polyT30
clinical_dense_24_5x4_90nm,A175,-105.000,98.250,polyT30
clinical_dense_24_5x4_90nm,A176,-99.000,98.250,polyT30
clinical_dense_24_5x4_90nm,A177,-93.000,98.250,polyT30
clinical_dense_24_5x4_90nm,A178,-87.000,98.250,polyT30
clinical_dense_24_5x4_90nm,A179,-81.000,98.250,polyT30
clinical_dense_24_5x4_90nm,A180,-75.000,98.250,polyT30
clinical_dense_24_5x4_90nm,A181,-105.000,104.250,polyT30
clinical_dense_24_5x4_90nm,A182,-99.000,104.250,polyT30
clinical_dense_24_5x4_90nm,A183,-93.000,104.250,polyT30
clinical_dense_24_5x4_90nm,A184,-87.000,104.250,polyT30
clinical_dense_24_5x4_90nm,A185,-81.000,104.250,polyT30
clinical_dense_24_5x4_90nm,A186,-75.000,104.250,polyT30
clinical_dense_24_5x4_90nm,A187,-105.000,110.250,polyT30
clinical_dense_24_5x4_90nm,A188,-99.000,110.250,polyT30
clinical_dense_24_5x4_90nm,A189,-93.000,110.250,polyT30
clinical_dense_24_5x4_90nm,A190,-87.000,110.250,polyT30
clinical_dense_24_5x4_90nm,A191,-81.000,110.250,polyT30
clinical_dense_24_5x4_90nm,A192,-75.000,110.250,polyT30
clinical_dense_24_5x4_90nm,A193,-15.000,-110.250,polyT30
clinical_dense_24_5x4_90nm,A194,-9.000,-110.250,polyT30
clinical_dense_24_5x4_90nm,A195,-3.000,-110.250,polyT30
clinical_dense_24_5x4_90nm,A196,3.000,-110.250,polyT30
clinical_dense_24_5x4_90nm,A197,9.000,-110.250,polyT30
clinical_dense_24_5x4_90nm,A198,15.000,-110.250,polyT30
clinical_dense_24_5x4_90nm,A199,-15.000,-104.250,polyT30
clinical_dense_24_5x4_90nm,A200,-9.000,-104.250,polyT30
clinical_dense_24_5x4_90nm,A201,-3.000,-104.250,polyT30
clinical_dense_24_5x4_90nm,A202,3.000,-104.250,polyT30
clinical_dense_24_5x4_90nm,A203,9.000,-104.250,polyT30
clinical_dense_24_5x4_90nm,A204,15.000,-104.250,polyT30
clinical_dense_24_5x4_90nm,A205,-15.000,-98.250,polyT30
clinical_dense_24_5x4_90nm,A206,-9.000,-98.250,polyT30
clinical_dense_24_5x4_90nm,A207,-3.000,-98.250,polyT30
clinical_dense_24_5x4_90nm,A208,3.000,-98.250,polyT30
clinical_dense_24_5x4_90nm,A209,9.000,-98.250,polyT30
clinical_dense_24_5x4_90nm,A210,15.000,-98.250,polyT30
clinical_dense_24_5x4_90nm,A211,-15.000,-92.250,polyT30
clinical_dense_24_5x4_90nm,A212,-9.000,-92.250,polyT30
clinical_dense_24_5x4_90nm,A213,-3.000,-92.250,polyT30
clinical_dense_24_5x4_90nm,A214,3.000,-92.250,polyT30
clinical_dense_24_5x4_90nm,A215,9.000,-92.250,polyT30
clinical_dense_24_5x4_90nm,A216,15.000,-92.250,polyT30
clinical_dense_24_5x4_90nm,A217,-15.000,-42.750,polyT30
clinical_dense_24_5x4_90nm,A218,-9.000,-42.750,polyT30
clinical_dense_24_5x4_90nm,A219,-3.000,-42.750,polyT30
clinical_dense_24_5x4_90nm,A220,3.000,-42.750,polyT30
clinical_dense_24_5x4_90nm,A221,9.000,-42.750,polyT30
clinical_dense_24_5x4_90nm,A222,15.000,-42.750,polyT30
clinical_dense_24_5x4_90nm,A223,-15.000,-36.750,polyT30
clinical_dense_24_5x4_90nm,A224,-9.000,-36.750,polyT30
clinical_dense_24_5x4_90nm,A225,-3.000,-36.750,polyT30
clinical_dense_24_5x4_90nm,A226,3.000,-36.750,polyT30
clinical_dense_24_5x4_90nm,A227,9.000,-36.750,polyT30
clinical_dense_24_5x4_90nm,A228,15.000,-36.750,polyT30
clinical_dense_24_5x4_90nm,A229,-15.000,-30.750,polyT30
clinical_dense_24_5x4_90nm,A230,-9.000,-30.750,polyT30
clinical_dense_24_5x4_90nm,A231,-3.000,-30.750,polyT30
clinical_dense_24_5x4_90nm,A232,3.000,-30.750,polyT30
clinical_dense_24_5x4_90nm,A233,9.000,-30.750,polyT30
clinical_dense_24_5x4_90nm,A234,15.000,-30.750,polyT30
clinical_dense_24_5x4_90nm,A235,-15.000,-24.750,polyT30
clinical_dense_24_5x4_90nm,A236,-9.000,-24.750,polyT30
clinical_dense_24_5x4_90nm,A237,-3.000,-24.750,polyT30
clinical_dense_24_5x4_90nm,A238,3.000,-24.750,polyT30
clinical_dense_24_5x4_90nm,A239,9.000,-24.750,polyT30
clinical_dense_24_5x4_90nm,A240,15.000,-24.750,polyT30
clinical_dense_24_5x4_90nm,A241,-15.000,24.750,polyT30
clinical_dense_24_5x4_90nm,A242,-9.000,24.750,polyT30
clinical_dense_24_5x4_90nm,A243,-3.000,24.750,polyT30
clinical_dense_24_5x4_90nm,A244,3.000,24.750,polyT30
clinical_dense_24_5x4_90nm,A245,9.000,24.750,polyT30
clinical_dense_24_5x4_90nm,A246,15.000,24.750,polyT30
clinical_dense_24_5x4_90nm,A247,-15.000,30.750,polyT30
clinical_dense_24_5x4_90nm,A248,-9.000,30.750,polyT30
clinical_dense_24_5x4_90nm,A249,-3.000,30.750,polyT30
clinical_dense_24_5x4_90nm,A250,3.000,30.750,polyT30
clinical_dense_24_5x4_90nm,A251,9.000,30.750,polyT30
clinical_dense_24_5x4_90nm,A252,15.000,30.750,polyT30
clinical_dense_24_5x4_90nm,A253,-15.000,36.750,polyT30
clinical_dense_24_5x4_90nm,A254,-9.000,36.750,polyT30
clinical_dense_24_5x4_90nm,A255,-3.000,36.750,polyT30
clinical_dense_24_5x4_90nm,A256,3.000,36.750,polyT30
clinical_dense_24_5x4_90nm,A257,9.000,36.750,polyT30
clinical_dense_24_5x4_90nm,A258,15.000,36.750,polyT30
clinical_dense_24_5x4_90nm,A259,-15.000,42.750,polyT30
clinical_dense_24_5x4_90nm,A260,-9.000,42.750,polyT30
clinical_dense_24_5x4_90nm,A261,-3.000,42.750,polyT30
clinical_dense_24_5x4_90nm,A262,3.000,42.750,polyT30
clinical_dense_24_5x4_90nm,A263,9.000,42.750,polyT30
clinical_dense_24_5x4_90nm,A264,15.000,42.750,polyT30
clinical_dense_24_5x4_90nm,A265,-15.000,92.250,polyT30
clinical_dense_24_5x4_90nm,A266,-9.000,92.250,polyT30
clinical_dense_24_5x4_90nm,A267,-3.000,92.250,polyT30
clinical_dense_24_5x4_90nm,A268,3.000,92.250,polyT30
clinical_dense_24_5x4_90nm,A269,9.000,92.250,polyT30
clinical_dense_24_5x4_90nm,A270,15.000,92.250,polyT30
clinical_dense_24_5x4_90nm,A271,-15.000,98.250,polyT30
clinical_dense_24_5x4_90nm,A272,-9.000,98.250,polyT30
clinical_dense_24_5x4_90nm,A273,-3.000,98.250,polyT30
clinical_dense_24_5x4_90nm,A274,3.000,98.250,polyT30
clinical_dense_24_5x4_90nm,A275,9.000,98.250,polyT30
clinical_dense_24_5x4_90nm,A276,15.000,98.250,polyT30
clinical_dense_24_5x4_90nm,A277,-15.000,104.250,polyT30
clinical_dense_24_5x4_90nm,A278,-9.000,104.250,polyT30
clinical_dense_24_5x4_90nm,A279,-3.000,104.250,polyT30
clinical_dense_24_5x4_90nm,A280,3.000,104.250,polyT30
clinical_dense_24_5x4_90nm,A281,9.000,104.250,polyT30
clinical_dense_24_5x4_90nm,A282,15.000,104.250,polyT30
clinical_dense_24_5x4_90nm,A283,-15.000,110.250,polyT30
clinical_dense_24_5x4_90nm,A284,-9.000,110.250,polyT30
clinical_dense_24_5x4_90nm,A285,-3.000,110.250,polyT30
clinical_dense_24_5x4_90nm,A286,3.000,110.250,polyT30
clinical_dense_24_5x4_90nm,A287,9.000,110.250,polyT30
clinical_dense_24_5x4_90nm,A288,15.000,110.250,polyT30
clinical_dense_24_5x4_90nm,A289,75.000,-110.250,polyT30
clinical_dense_24_5x4_90nm,A290,81.000,-110.250,polyT30
clinical_dense_24_5x4_90nm,A291,87.000,-110.250,polyT30
clinical_dense_24_5x4_90nm,A292,93.000,-110.250,polyT30
clinical_dense_24_5x4_90nm,A293,99.000,-110.250,polyT30
clinical_dense_24_5x4_90nm,A294,105.000,-110.250,polyT30
clinical_dense_24_5x4_90nm,A295,75.000,-104.250,polyT30
clinical_dense_24_5x4_90nm,A296,81.000,-104.250,polyT30
clinical_dense_24_5x4_90nm,A297,87.000,-104.250,polyT30
clinical_dense_24_5x4_90nm,A298,93.000,-104.250,polyT30
clinical_dense_24_5x4_90nm,A299,99.000,-104.250,polyT30
clinical_dense_24_5x4_90nm,A300,105.000,-104.250,polyT30
clinical_dense_24_5x4_90nm,A301,75.000,-98.250,polyT30
clinical_dense_24_5x4_90nm,A302,81.000,-98.250,polyT30
clinical_dense_24_5x4_90nm,A303,87.000,-98.250,polyT30
clinical_dense_24_5x4_90nm,A304,93.000,-98.250,polyT30
clinical_dense_24_5x4_90nm,A305,99.000,-98.250,polyT30
clinical_dense_24_5x4_90nm,A306,105.000,-98.250,polyT30
clinical_dense_24_5x4_90nm,A307,75.000,-92.250,polyT30
clinical_dense_24_5x4_90nm,A308,81.000,-92.250,polyT30
clinical_dense_24_5x4_90nm,A309,87.000,-92.250,polyT30
clinical_dense_24_5x4_90nm,A310,93.000,-92.250,polyT30
clinical_dense_24_5x4_90nm,A311,99.000,-92.250,polyT30
clinical_dense_24_5x4_90nm,A312,105.000,-92.250,polyT30
clinical_dense_24_5x4_90nm,A313,75.000,-42.750,polyT30
clinical_dense_24_5x4_90nm,A314,81.000,-42.750,polyT30
clinical_dense_24_5x4_90nm,A315,87.000,-42.750,polyT30
clinical_dense_24_5x4_90nm,A316,93.000,-42.750,polyT30
clinical_dense_24_5x4_90nm,A317,99.000,-42.750,polyT30
clinical_dense_24_5x4_90nm,A318,105.000,-42.750,polyT30
clinical_dense_24_5x4_90nm,A319,75.000,-36.750,polyT30
clinical_dense_24_5x4_90nm,A320,81.000,-36.750,polyT30
clinical_dense_24_5x4_90nm,A321,87.000,-36.750,polyT30
clinical_dense_24_5x4_90nm,A322,93.000,-36.750,polyT30
clinical_dense_24_5x4_90nm,A323,99.000,-36.750,polyT30
clinical_dense_24_5x4_90nm,A324,105.000,-36.750,polyT30
clinical_dense_24_5x4_90nm,A325,75.000,-30.750,polyT30
clinical_dense_24_5x4_90nm,A326,81.000,-30.750,polyT30
clinical_dense_24_5x4_90nm,A327,87.000,-30.750,polyT30
clinical_dense_24_5x4_90nm,A328,93.000,-30.750,polyT30
clinical_dense_24_5x4_90nm,A329,99.000,-30.750,polyT30
clinical_dense_24_5x4_90nm,A330,105.000,-30.750,polyT30
clinical_dense_24_5x4_90nm,A331,75.000,-24.750,polyT30
clinical_dense_24_5x4_90nm,A332,81.000,-24.750,polyT30
clinical_dense_24_5x4_90nm,A333,87.000,-24.750,polyT30
clinical_dense_24_5x4_90nm,A334,93.000,-24.750,polyT30
clinical_dense_24_5x4_90nm,A335,99.000,-24.750,polyT30
clinical_dense_24_5x4_90nm,A336,105.000,-24.750,polyT30
clinical_dense_24_5x4_90nm,A337,75.000,24.750,polyT30
clinical_dense_24_5x4_90nm,A338,81.000,24.750,polyT30
clinical_dense_24_5x4_90nm,A339,87.000,24.750,polyT30
clinical_dense_24_5x4_90nm,A340,93.000,24.750,polyT30
clinical_dense_24_5x4_90nm,A341,99.000,24.750,polyT30
clinical_dense_24_5x4_90nm,A342,105.000,24.750,polyT30
clinical_dense_24_5x4_90nm,A343,75.000,30.750,polyT30
clinical_dense_24_5x4_90nm,A344,81.000,30.750,polyT30
clinical_dense_24_5x4_90nm,A345,87.000,30.750,polyT30
clinical_dense_24_5x4_90nm,A346,93.000,30.750,polyT30
clinical_dense_24_5x4_90nm,A347,99.000,30.750,polyT30
clinical_dense_24_5x4_90nm,A348,105.000,30.750,polyT30
clinical_dense_24_5x4_90nm,A349,75.000,36.750,polyT30
clinical_dense_24_5x4_90nm,A350,81.000,36.750,polyT30
clinical_dense_24_5x4_90nm,A351,87.000,36.750,polyT30
clinical_dense_24_5x4_90nm,A352,93.000,36.750,polyT30
clinical_dense_24_5x4_90nm,A353,99.000,36.750,polyT30
clinical_dense_24_5x4_90nm,A354,105.000,36.750,polyT30
clinical_dense_24_5x4_90nm,A355,75.000,42.750,polyT30
clinical_dense_24_5x4_90nm,A356,81.000,42.750,polyT30
clinical_dense_24_5x4_90nm,A357,87.000,42.750,polyT30
clinical_dense_24_5x4_90nm,A358,93.000,42.750,polyT30
clinical_dense_24_5x4_90nm,A359,99.000,42.750,polyT30
clinical_dense_24_5x4_90nm,A360,105.000,42.750,polyT30
clinical_dense_24_5x4_90nm,A361,75.000,92.250,polyT30
clinical_dense_24_5x4_90nm,A362,81.000,92.250,polyT30
clinical_dense_24_5x4_90nm,A363,87.000,92.250,polyT30
clinical_dense_24_5x4_90nm,A364,93.000,92.250,polyT30
clinical_dense_24_5x4_90nm,A365,99.000,92.250,polyT30
clinical_dense_24_5x4_90nm,A366,105.000,92.250,polyT30
clinical_dense_24_5x4_90nm,A367,75.000,98.250,polyT30
clinical_dense_24_5x4_90nm,A368,81.000,98.250,polyT30
clinical_dense_24_5x4_90nm,A369,87.000,98.250,polyT30
clinical_dense_24_5x4_90nm,A370,93.000,98.250,polyT30
clinical_dense_24_5x4_90nm,A371,99.000,98.250,polyT30
clinical_dense_24_5x4_90nm,A372,105.000,98.250,polyT30
clinical_dense_24_5x4_90nm,A373,75.000,104.250,polyT30
clinical_dense_24_5x4_90nm,A374,81.000,104.250,polyT30
clinical_dense_24_5x4_90nm,A375,87.000,104.250,polyT30
clinical_dense_24_5x4_90nm,A376,93.000,104.250,polyT30
clinical_dense_24_5x4_90nm,A377,99.000,104.250,polyT30
clinical_dense_24_5x4_90nm,A378,105.000,104.250,polyT30
clinical_dense_24_5x4_90nm,A379,75.000,110.250,polyT30
clinical_dense_24_5x4_90nm,A380,81.000,110.250,polyT30
clinical_dense_24_5x4_90nm,A381,87.000,110.250,polyT30
clinical_dense_24_5x4_90nm,A382,93.000,110.250,polyT30
clinical_dense_24_5x4_90nm,A383,99.000,110.250,polyT30
clinical_dense_24_5x4_90nm,A384,105.000,110.250,polyT30
clinical_dense_24_5x4_90nm,A385,165.000,-110.250,polyT30
clinical_dense_24_5x4_90nm,A386,171.000,-110.250,polyT30
clinical_dense_24_5x4_90nm,A387,177.000,-110.250,polyT30
clinical_dense_24_5x4_90nm,A388,183.000,-110.250,polyT30
clinical_dense_24_5x4_90nm,A389,189.000,-110.250,polyT30
clinical_dense_24_5x4_90nm,A390,195.000,-110.250,polyT30
clinical_dense_24_5x4_90nm,A391,165.000,-104.250,polyT30
clinical_dense_24_5x4_90nm,A392,171.000,-104.250,polyT30
clinical_dense_24_5x4_90nm,A393,177.000,-104.250,polyT30
clinical_dense_24_5x4_90nm,A394,183.000,-104.250,polyT30
clinical_dense_24_5x4_90nm,A395,189.000,-104.250,polyT30
clinical_dense_24_5x4_90nm,A396,195.000,-104.250,polyT30
clinical_dense_24_5x4_90nm,A397,165.000,-98.250,polyT30
clinical_dense_24_5x4_90nm,A398,171.000,-98.250,polyT30
clinical_dense_24_5x4_90nm,A399,177.000,-98.250,polyT30
clinical_dense_24_5x4_90nm,A400,183.000,-98.250,polyT30
clinical_dense_24_5x4_90nm,A401,189.000,-98.250,polyT30
clinical_dense_24_5x4_90nm,A402,195.000,-98.250,polyT30
clinical_dense_24_5x4_90nm,A403,165.000,-92.250,polyT30
clinical_dense_24_5x4_90nm,A404,171.000,-92.250,polyT30
clinical_dense_24_5x4_90nm,A405,177.000,-92.250,polyT30
clinical_dense_24_5x4_90nm,A406,183.000,-92.250,polyT30
clinical_dense_24_5x4_90nm,A407,189.000,-92.250,polyT30
clinical_dense_24_5x4_90nm,A408,195.000,-92.250,polyT30
clinical_dense_24_5x4_90nm,A409,165.000,-42.750,polyT30
clinical_dense_24_5x4_90nm,A410,171.000,-42.750,polyT30
clinical_dense_24_5x4_90nm,A411,177.000,-42.750,polyT30
clinical_dense_24_5x4_90nm,A412,183.000,-42.750,polyT30
clinical_dense_24_5x4_90nm,A413,189.000,-42.750,polyT30
clinical_dense_24_5x4_90nm,A414,195.000,-42.750,polyT30
clinical_dense_24_5x4_90nm,A415,165.000,-36.750,polyT30
clinical_dense_24_5x4_90nm,A416,171.000,-36.750,polyT30
clinical_dense_24_5x4_90nm,A417,177.000,-36.750,polyT30
clinical_dense_24_5x4_90nm,A418,183.000,-36.750,polyT30
clinical_dense_24_5x4_90nm,A419,189.000,-36.750,polyT30
clinical_dense_24_5x4_90nm,A420,195.000,-36.750,polyT30
clinical_dense_24_5x4_90nm,A421,165.000,-30.750,polyT30
clinical_dense_24_5x4_90nm,A422,171.000,-30.750,polyT30
clinical_dense_24_5x4_90nm,A423,177.000,-30.750,polyT30
clinical_dense_24_5x4_90nm,A424,183.000,-30.750,polyT30
clinical_dense_24_5x4_90nm,A425,189.000,-30.750,polyT30
clinical_dense_24_5x4_90nm,A426,195.000,-30.750,polyT30
clinical_dense_24_5x4_90nm,A427,165.000,-24.750,polyT30
clinical_dense_24_5x4_90nm,A428,171.000,-24.750,polyT30
clinical_dense_24_5x4_90nm,A429,177.000,-24.750,polyT30
clinical_dense_24_5x4_90nm,A430,183.000,-24.750,polyT30
clinical_dense_24_5x4_90nm,A431,189.000,-24.750,polyT30
clinical_dense_24_5x4_90nm,A432,195.000,-24.750,polyT30
clinical_dense_24_5x4_90nm,A433,165.000,24.750,polyT30
clinical_dense_24_5x4_90nm,A434,171.000,24.750,polyT30
clinical_dense_24_5x4_90nm,A435,177.000,24.750,polyT30
clinical_dense_24_5x4_90nm,A436,183.000,24.750,polyT30
clinical_dense_24_5x4_90nm,A437,189.000,24.750,polyT30
clinical_dense_24_5x4_90nm,A438,195.000,24.750,polyT30
clinical_dense_24_5x4_90nm,A439,165.000,30.750,polyT30
clinical_dense_24_5x4_90nm,A440,171.000,30.750,polyT30
clinical_dense_24_5x4_90nm,A441,177.000,30.750,polyT30
clinical_dense_24_5x4_90nm,A442,183.000,30.750,polyT30
clinical_dense_24_5x4_90nm,A443,189.000,30.750,polyT30
clinical_dense_24_5x4_90nm,A444,195.000,30.750,polyT30
clinical_dense_24_5x4_90nm,A445,165.000,36.750,polyT30
clinical_dense_24_5x4_90nm,A446,171.000,36.750,polyT30
clinical_dense_24_5x4_90nm,A447,177.000,36.750,polyT30
clinical_dense_24_5x4_90nm,A448,183.000,36.750,polyT30
clinical_dense_24_5x4_90nm,A449,189.000,36.750,polyT30
clinical_dense_24_5x4_90nm,A450,195.000,36.750,polyT30
clinical_dense_24_5x4_90nm,A451,165.000,42.750,polyT30
clinical_dense_24_5x4_90nm,A452,171.000,42.750,polyT30
clinical_dense_24_5x4_90nm,A453,177.000,42.750,polyT30
clinical_dense_24_5x4_90nm,A454,183.000,42.750,polyT30
clinical_dense_24_5x4_90nm,A455,189.000,42.750,polyT30
clinical_dense_24_5x4_90nm,A456,195.000,42.750,polyT30
clinical_dense_24_5x4_90nm,A457,165.000,92.250,polyT30
clinical_dense_24_5x4_90nm,A458,171.000,92.250,polyT30
clinical_dense_24_5x4_90nm,A459,177.000,92.250,polyT30
clinical_dense_24_5x4_90nm,A460,183.000,92.250,polyT30
clinical_dense_24_5x4_90nm,A461,189.000,92.250,polyT30
clinical_dense_24_5x4_90nm,A462,195.000,92.250,polyT30
clinical_dense_24_5x4_90nm,A463,165.000,98.250,polyT30
clinical_dense_24_5x4_90nm,A464,171.000,98.250,polyT30
clinical_dense_24_5x4_90nm,A465,177.000,98.250,polyT30
clinical_dense_24_5x4_90nm,A466,183.000,98.250,polyT30
clinical_dense_24_5x4_90nm,A467,189.000,98.250,polyT30
clinical_dense_24_5x4_90nm,A468,195.000,98.250,polyT30
clinical_dense_24_5x4_90nm,A469,165.000,104.250,polyT30
clinical_dense_24_5x4_90nm,A470,171.000,104.250,polyT30
clinical_dense_24_5x4_90nm,A471,177.000,104.250,polyT30
clinical_dense_24_5x4_90nm,A472,183.000,104.250,polyT30
clinical_dense_24_5x4_90nm,A473,189.000,104.250,polyT30
clinical_dense_24_5x4_90nm,A474,195.000,104.250,polyT30
clinical_dense_24_5x4_90nm,A475,165.000,110.250,polyT30
clinical_dense_24_5x4_90nm,A476,171.000,110.250,polyT30
clinical_dense_24_5x4_90nm,A477,177.000,110.250,polyT30
clinical_dense_24_5x4_90nm,A478,183.000,110.250,polyT30
clinical_dense_24_5x4_90nm,A479,189.000,110.250,polyT30
clinical_dense_24_5x4_90nm,A480,195.000,110.250,polyT30
clinical_dense_24_3x3_70nm,A001,-85.000,-61.500,polyT30
clinical_dense_24_3x3_70nm,A002,-79.000,-61.500,polyT30
clinical_dense_24_3x3_70nm,A003,-73.000,-61.500,polyT30
clinical_dense_24_3x3_70nm,A004,-67.000,-61.500,polyT30
clinical_dense_24_3x3_70nm,A005,-61.000,-61.500,polyT30
clinical_dense_24_3x3_70nm,A006,-55.000,-61.500,polyT30
clinical_dense_24_3x3_70nm,A007,-85.000,-55.500,polyT30
clinical_dense_24_3x3_70nm,A008,-79.000,-55.500,polyT30
clinical_dense_24_3x3_70nm,A009,-73.000,-55.500,polyT30
clinical_dense_24_3x3_70nm,A010,-67.000,-55.500,polyT30
clinical_dense_24_3x3_70nm,A011,-61.000,-55.500,polyT30
clinical_dense_24_3x3_70nm,A012,-55.000,-55.500,polyT30
clinical_dense_24_3x3_70nm,A013,-85.000,-49.500,polyT30
clinical_dense_24_3x3_70nm,A014,-79.000,-49.500,polyT30
clinical_dense_24_3x3_70nm,A015,-73.000,-49.500,polyT30
clinical_dense_24_3x3_70nm,A016,-67.000,-49.500,polyT30
clinical_dense_24_3x3_70nm,A017,-61.000,-49.500,polyT30
clinical_dense_24_3x3_70nm,A018,-55.000,-49.500,polyT30
clinical_dense_24_3x3_70nm,A019,-85.000,-43.500,polyT30
clinical_dense_24_3x3_70nm,A020,-79.000,-43.500,polyT30
clinical_dense_24_3x3_70nm,A021,-73.000,-43.500,polyT30
clinical_dense_24_3x3_70nm,A022,-67.000,-43.500,polyT30
clinical_dense_24_3x3_70nm,A023,-61.000,-43.500,polyT30
clinical_dense_24_3x3_70nm,A024,-55.000,-43.500,polyT30
clinical_dense_24_3x3_70nm,A025,-85.000,-9.000,polyT30
clinical_dense_24_3x3_70nm,A026,-79.000,-9.000,polyT30
clinical_dense_24_3x3_70nm,A027,-73.000,-9.000,polyT30
clinical_dense_24_3x3_70nm,A028,-67.000,-9.000,polyT30
clinical_dense_24_3x3_70nm,A029,-61.000,-9.000,polyT30
clinical_dense_24_3x3_70nm,A030,-55.000,-9.000,polyT30
clinical_dense_24_3x3_70nm,A031,-85.000,-3.000,polyT30
clinical_dense_24_3x3_70nm,A032,-79.000,-3.000,polyT30
clinical_dense_24_3x3_70nm,A033,-73.000,-3.000,polyT30
clinical_dense_24_3x3_70nm,A034,-67.000,-3.000,polyT30
clinical_dense_24_3x3_70nm,A035,-61.000,-3.000,polyT30
clinical_dense_24_3x3_70nm,A036,-55.000,-3.000,polyT30
clinical_dense_24_3x3_70nm,A037,-85.000,3.000,polyT30
clinical_dense_24_3x3_70nm,A038,-79.000,3.000,polyT30
clinical_dense_24_3x3_70nm,A039,-73.000,3.000,polyT30
clinical_dense_24_3x3_70nm,A040,-67.000,3.000,polyT30
clinical_dense_24_3x3_70nm,A041,-61.000,3.000,polyT30
clinical_dense_24_3x3_70nm,A042,-55.000,3.000,polyT30
clinical_dense_24_3x3_70nm,A043,-85.000,9.000,polyT30
clinical_dense_24_3x3_70nm,A044,-79.000,9.000,polyT30
clinical_dense_24_3x3_70nm,A045,-73.000,9.000,polyT30
clinical_dense_24_3x3_70nm,A046,-67.000,9.000,polyT30
clinical_dense_24_3x3_70nm,A047,-61.000,9.000,polyT30
clinical_dense_24_3x3_70nm,A048,-55.000,9.000,polyT30
clinical_dense_24_3x3_70nm,A049,-85.000,43.500,polyT30
clinical_dense_24_3x3_70nm,A050,-79.000,43.500,polyT30
clinical_dense_24_3x3_70nm,A051,-73.000,43.500,polyT30
clinical_dense_24_3x3_70nm,A052,-67.000,43.500,polyT30
clinical_dense_24_3x3_70nm,A053,-61.000,43.500,polyT30
clinical_dense_24_3x3_70nm,A054,-55.000,43.500,polyT30
clinical_dense_24_3x3_70nm,A055,-85.000,49.500,polyT30
clinical_dense_24_3x3_70nm,A056,-79.000,49.500,polyT30
clinical_dense_24_3x3_70nm,A057,-73.000,49.500,polyT30
clinical_dense_24_3x3_70nm,A058,-67.000,49.500,polyT30
clinical_dense_24_3x3_70nm,A059,-61.000,49.500,polyT30
clinical_dense_24_3x3_70nm,A060,-55.000,49.500,polyT30
clinical_dense_24_3x3_70nm,A061,-85.000,55.500,polyT30
clinical_dense_24_3x3_70nm,A062,-79.000,55.500,polyT30
clinical_dense_24_3x3_70nm,A063,-73.000,55.500,polyT30
clinical_dense_24_3x3_70nm,A064,-67.000,55.500,polyT30
clinical_dense_24_3x3_70nm,A065,-61.000,55.500,polyT30
clinical_dense_24_3x3_70nm,A066,-55.000,55.500,polyT30
clinical_dense_24_3x3_70nm,A067,-85.000,61.500,polyT30
clinical_dense_24_3x3_70nm,A068,-79.000,61.500,polyT30
clinical_dense_24_3x3_70nm,A069,-73.000,61.500,polyT30
clinical_dense_24_3x3_70nm,A070,-67.000,61.500,polyT30
clinical_dense_24_3x3_70nm,A071,-61.000,61.500,polyT30
clinical_dense_24_3x3_70nm,A072,-55.000,61.500,polyT30
clinical_dense_24_3x3_70nm,A073,-15.000,-61.500,polyT30
clinical_dense_24_3x3_70nm,A074,-9.000,-61.500,polyT30
clinical_dense_24_3x3_70nm,A075,-3.000,-61.500,polyT30
clinical_dense_24_3x3_70nm,A076,3.000,-61.500,polyT30
clinical_dense_24_3x3_70nm,A077,9.000,-61.500,polyT30
clinical_dense_24_3x3_70nm,A078,15.000,-61.500,polyT30
clinical_dense_24_3x3_70nm,A079,-15.000,-55.500,polyT30
clinical_dense_24_3x3_70nm,A080,-9.000,-55.500,polyT30
clinical_dense_24_3x3_70nm,A081,-3.000,-55.500,polyT30
clinical_dense_24_3x3_70nm,A082,3.000,-55.500,polyT30
clinical_dense_24_3x3_70nm,A083,9.000,-55.500,polyT30
clinical_dense_24_3x3_70nm,A084,15.000,-55.500,polyT30
clinical_dense_24_3x3_70nm,A085,-15.000,-49.500,polyT30
clinical_dense_24_3x3_70nm,A086,-9.000,-49.500,polyT30
clinical_dense_24_3x3_70nm,A087,-3.000,-49.500,polyT30
clinical_dense_24_3x3_70nm,A088,3.000,-49.500,polyT30
clinical_dense_24_3x3_70nm,A089,9.000,-49.500,polyT30
clinical_dense_24_3x3_70nm,A090,15.000,-49.500,polyT30
clinical_dense_24_3x3_70nm,A091,-15.000,-43.500,polyT30
clinical_dense_24_3x3_70nm,A092,-9.000,-43.500,polyT30
clinical_dense_24_3x3_70nm,A093,-3.000,-43.500,polyT30
clinical_dense_24_3x3_70nm,A094,3.000,-43.500,polyT30
clinical_dense_24_3x3_70nm,A095,9.000,-43.500,polyT30
clinical_dense_24_3x3_70nm,A096,15.000,-43.500,polyT30
clinical_dense_24_3x3_70nm,A097,-15.000,-9.000,polyT30
clinical_dense_24_3x3_70nm,A098,-9.000,-9.000,polyT30
clinical_dense_24_3x3_70nm,A099,-3.000,-9.000,polyT30
clinical_dense_24_3x3_70nm,A100,3.000,-9.000,polyT30
clinical_dense_24_3x3_70nm,A101,9.000,-9.000,polyT30
clinical_dense_24_3x3_70nm,A102,15.000,-9.000,polyT30
clinical_dense_24_3x3_70nm,A103,-15.000,-3.000,polyT30
clinical_dense_24_3x3_70nm,A104,-9.000,-3.000,polyT30
clinical_dense_24_3x3_70nm,A105,-3.000,-3.000,polyT30
clinical_dense_24_3x3_70nm,A106,3.000,-3.000,polyT30
clinical_dense_24_3x3_70nm,A107,9.000,-3.000,polyT30
clinical_dense_24_3x3_70nm,A108,15.000,-3.000,polyT30
clinical_dense_24_3x3_70nm,A109,-15.000,3.000,polyT30
clinical_dense_24_3x3_70nm,A110,-9.000,3.000,polyT30
clinical_dense_24_3x3_70nm,A111,-3.000,3.000,polyT30
clinical_dense_24_3x3_70nm,A112,3.000,3.000,polyT30
clinical_dense_24_3x3_70nm,A113,9.000,3.000,polyT30
clinical_dense_24_3x3_70nm,A114,15.000,3.000,polyT30
clinical_dense_24_3x3_70nm,A115,-15.000,9.000,polyT30
clinical_dense_24_3x3_70nm,A116,-9.000,9.000,polyT30
clinical_dense_24_3x3_70nm,A117,-3.000,9.000,polyT30
clinical_dense_24_3x3_70nm,A118,3.000,9.000,polyT30
clinical_dense_24_3x3_70nm,A119,9.000,9.000,polyT30
clinical_dense_24_3x3_70nm,A120,15.000,9.000,polyT30
clinical_dense_24_3x3_70nm,A121,-15.000,43.500,polyT30
clinical_dense_24_3x3_70nm,A122,-9.000,43.500,polyT30
clinical_dense_24_3x3_70nm,A123,-3.000,43.500,polyT30
clinical_dense_24_3x3_70nm,A124,3.000,43.500,polyT30
clinical_dense_24_3x3_70nm,A125,9.000,43.500,polyT30
clinical_dense_24_3x3_70nm,A126,15.000,43.500,polyT30
clinical_dense_24_3x3_70nm,A127,-15.000,49.500,polyT30
clinical_dense_24_3x3_70nm,A128,-9.000,49.500,polyT30
clinical_dense_24_3x3_70nm,A129,-3.000,49.500,polyT30
clinical_dense_24_3x3_70nm,A130,3.000,49.500,polyT30
clinical_dense_24_3x3_70nm,A131,9.000,49.500,polyT30
clinical_dense_24_3x3_70nm,A132,15.000,49.500,polyT30
clinical_dense_24_3x3_70nm,A133,-15.000,55.500,polyT30
clinical_dense_24_3x3_70nm,A134,-9.000,55.500,polyT30
clinical_dense_24_3x3_70nm,A135,-3.000,55.500,polyT30
clinical_dense_24_3x3_70nm,A136,3.000,55.500,polyT30
clinical_dense_24_3x3_70nm,A137,9.000,55.500,polyT30
clinical_dense_24_3x3_70nm,A138,15.000,55.500,polyT30
clinical_dense_24_3x3_70nm,A139,-15.000,61.500,polyT30
clinical_dense_24_3x3_70nm,A140,-9.000,61.500,polyT30
clinical_dense_24_3x3_70nm,A141,-3.000,61.500,polyT30
clinical_dense_24_3x3_70nm,A142,3.000,61.500,polyT30
clinical_dense_24_3x3_70nm,A143,9.000,61.500,polyT30
clinical_dense_24_3x3_70nm,A144,15.000,61.500,polyT30
clinical_dense_24_3x3_70nm,A145,55.000,-61.500,polyT30
clinical_dense_24_3x3_70nm,A146,61.000,-61.500,polyT30
clinical_dense_24_3x3_70nm,A147,67.000,-61.500,polyT30
clinical_dense_24_3x3_70nm,A148,73.000,-61.500,polyT30
clinical_dense_24_3x3_70nm,A149,79.000,-61.500,polyT30
clinical_dense_24_3x3_70nm,A150,85.000,-61.500,polyT30
clinical_dense_24_3x3_70nm,A151,55.000,-55.500,polyT30
clinical_dense_24_3x3_70nm,A152,61.000,-55.500,polyT30
clinical_dense_24_3x3_70nm,A153,67.000,-55.500,polyT30
clinical_dense_24_3x3_70nm,A154,73.000,-55.500,polyT30
clinical_dense_24_3x3_70nm,A155,79.000,-55.500,polyT30
clinical_dense_24_3x3_70nm,A156,85.000,-55.500,polyT30
clinical_dense_24_3x3_70nm,A157,55.000,-49.500,polyT30
clinical_dense_24_3x3_70nm,A158,61.000,-49.500,polyT30
clinical_dense_24_3x3_70nm,A159,67.000,-49.500,polyT30
clinical_dense_24_3x3_70nm,A160,73.000,-49.500,polyT30
clinical_dense_24_3x3_70nm,A161,79.000,-49.500,polyT30
clinical_dense_24_3x3_70nm,A162,85.000,-49.500,polyT30
clinical_dense_24_3x3_70nm,A163,55.000,-43.500,polyT30
clinical_dense_24_3x3_70nm,A164,61.000,-43.500,polyT30
clinical_dense_24_3x3_70nm,A165,67.000,-43.500,polyT30
clinical_dense_24_3x3_70nm,A166,73.000,-43.500,polyT30
clinical_dense_24_3x3_70nm,A167,79.000,-43.500,polyT30
clinical_dense_24_3x3_70nm,A168,85.000,-43.500,polyT30
clinical_dense_24_3x3_70nm,A169,55.000,-9.000,polyT30
clinical_dense_24_3x3_70nm,A170,61.000,-9.000,polyT30
clinical_dense_24_3x3_70nm,A171,67.000,-9.000,polyT30
clinical_dense_24_3x3_70nm,A172,73.000,-9.000,polyT30
clinical_dense_24_3x3_70nm,A173,79.000,-9.000,polyT30
clinical_dense_24_3x3_70nm,A174,85.000,-9.000,polyT30
clinical_dense_24_3x3_70nm,A175,55.000,-3.000,polyT30
clinical_dense_24_3x3_70nm,A176,61.000,-3.000,polyT30
clinical_dense_24_3x3_70nm,A177,67.000,-3.000,polyT30
clinical_dense_24_3x3_70nm,A178,73.000,-3.000,polyT30
clinical_dense_24_3x3_70nm,A179,79.000,-3.000,polyT30
clinical_dense_24_3x3_70nm,A180,85.000,-3.000,polyT30
clinical_dense_24_3x3_70nm,A181,55.000,3.000,polyT30
clinical_dense_24_3x3_70nm,A182,61.000,3.000,polyT30
clinical_dense_24_3x3_70nm,A183,67.000,3.000,polyT30
clinical_dense_24_3x3_70nm,A184,73.000,3.000,polyT30
clinical_dense_24_3x3_70nm,A185,79.000,3.000,polyT30
clinical_dense_24_3x3_70nm,A186,85.000,3.000,polyT30
clinical_dense_24_3x3_70nm,A187,55.000,9.000,polyT30
clinical_dense_24_3x3_70nm,A188,61.000,9.000,polyT30
clinical_dense_24_3x3_70nm,A189,67.000,9.000,polyT30
clinical_dense_24_3x3_70nm,A190,73.000,9.000,polyT30
clinical_dense_24_3x3_70nm,A191,79.000,9.000,polyT30
clinical_dense_24_3x3_70nm,A192,85.000,9.000,polyT30
clinical_dense_24_3x3_70nm,A193,55.000,43.500,polyT30
clinical_dense_24_3x3_70nm,A194,61.000,43.500,polyT30
clinical_dense_24_3x3_70nm,A195,67.000,43.500,polyT30
clinical_dense_24_3x3_70nm,A196,73.000,43.500,polyT30
clinical_dense_24_3x3_70nm,A197,79.000,43.500,polyT30
clinical_dense_24_3x3_70nm,A198,85.000,43.500,polyT30
clinical_dense_24_3x3_70nm,A199,55.000,49.500,polyT30
clinical_dense_24_3x3_70nm,A200,61.000,49.500,polyT30
clinical_dense_24_3x3_70nm,A201,67.000,49.500,polyT30
clinical_dense_24_3x3_70nm,A202,73.000,49.500,polyT30
clinical_dense_24_3x3_70nm,A203,79.000,49.500,polyT30
clinical_dense_24_3x3_70nm,A204,85.000,49.500,polyT30
clinical_dense_24_3x3_70nm,A205,55.000,55.500,polyT30
clinical_dense_24_3x3_70nm,A206,61.000,55.500,polyT30
clinical_dense_24_3x3_70nm,A207,67.000,55.500,polyT30
clinical_dense_24_3x3_70nm,A208,73.000,55.500,polyT30
clinical_dense_24_3x3_70nm,A209,79.000,55.500,polyT30
clinical_dense_24_3x3_70nm,A210,85.000,55.500,polyT30
clinical_dense_24_3x3_70nm,A211,55.000,61.500,polyT30
clinical_dense_24_3x3_70nm,A212,61.000,61.500,polyT30
clinical_dense_24_3x3_70nm,A213,67.000,61.500,polyT30
clinical_dense_24_3x3_70nm,A214,73.000,61.500,polyT30
clinical_dense_24_3x3_70nm,A215,79.000,61.500,polyT30
clinical_dense_24_3x3_70nm,A216,85.000,61.500,polyT30
clinical_grid_18_3x3_90nm,A001,-105.000,-75.500,polyT30
clinical_grid_18_3x3_90nm,A002,-99.000,-75.500,polyT30
clinical_grid_18_3x3_90nm,A003,-93.000,-75.500,polyT30
clinical_grid_18_3x3_90nm,A004,-87.000,-75.500,polyT30
clinical_grid_18_3x3_90nm,A005,-81.000,-75.500,polyT30
clinical_grid_18_3x3_90nm,A006,-75.000,-75.500,polyT30
clinical_grid_18_3x3_90nm,A007,-105.000,-67.500,polyT30
clinical_grid_18_3x3_90nm,A008,-99.000,-67.500,polyT30
clinical_grid_18_3x3_90nm,A009,-93.000,-67.500,polyT30
clinical_grid_18_3x3_90nm,A010,-87.000,-67.500,polyT30
clinical_grid_18_3x3_90nm,A011,-81.000,-67.500,polyT30
clinical_grid_18_3x3_90nm,A012,-75.000,-67.500,polyT30
clinical_grid_18_3x3_90nm,A013,-105.000,-59.500,polyT30
clinical_grid_18_3x3_90nm,A014,-99.000,-59.500,polyT30
clinical_grid_18_3x3_90nm,A015,-93.000,-59.500,polyT30
clinical_grid_18_3x3_90nm,A016,-87.000,-59.500,polyT30
clinical_grid_18_3x3_90nm,A017,-81.000,-59.500,polyT30
clinical_grid_18_3x3_90nm,A018,-75.000,-59.500,polyT30
clinical_grid_18_3x3_90nm,A019,-105.000,-8.000,polyT30
clinical_grid_18_3x3_90nm,A020,-99.000,-8.000,polyT30
clinical_grid_18_3x3_90nm,A021,-93.000,-8.000,polyT30
clinical_grid_18_3x3_90nm,A022,-87.000,-8.000,polyT30
clinical_grid_18_3x3_90nm,A023,-81.000,-8.000,polyT30
clinical_grid_18_3x3_90nm,A024,-75.000,-8.000,polyT30
clinical_grid_18_3x3_90nm,A025,-105.000,0.000,polyT30
clinical_grid_18_3x3_90nm,A026,-99.000,0.000,polyT30
clinical_grid_18_3x3_90nm,A027,-93.000,0.000,polyT30
clinical_grid_18_3x3_90nm,A028,-87.000,0.000,polyT30
clinical_grid_18_3x3_90nm,A029,-81.000,0.000,polyT30
clinical_grid_18_3x3_90nm,A030,-75.000,0.000,polyT30
clinical_grid_18_3x3_90nm,A031,-105.000,8.000,polyT30
clinical_grid_18_3x3_90nm,A032,-99.000,8.000,polyT30
clinical_grid_18_3x3_90nm,A033,-93.000,8.000,polyT30
clinical_grid_18_3x3_90nm,A034,-87.000,8.000,polyT30
clinical_grid_18_3x3_90nm,A035,-81.000,8.000,polyT30
clinical_grid_18_3x3_90nm,A036,-75.000,8.000,polyT30
clinical_grid_18_3x3_90nm,A037,-105.000,59.500,polyT30
clinical_grid_18_3x3_90nm,A038,-99.000,59.500,polyT30
clinical_grid_18_3x3_90nm,A039,-93.000,59.500,polyT30
clinical_grid_18_3x3_90nm,A040,-87.000,59.500,polyT30
clinical_grid_18_3x3_90nm,A041,-81.000,59.500,polyT30
clinical_grid_18_3x3_90nm,A042,-75.000,59.500,polyT30
clinical_grid_18_3x3_90nm,A043,-105.000,67.500,polyT30
clinical_grid_18_3x3_90nm,A044,-99.000,67.500,polyT30
clinical_grid_18_3x3_90nm,A045,-93.000,67.500,polyT30
clinical_grid_18_3x3_90nm,A046,-87.000,67.500,polyT30
clinical_grid_18_3x3_90nm,A047,-81.000,67.500,polyT30
clinical_grid_18_3x3_90nm,A048,-75.000,67.500,polyT30
clinical_grid_18_3x3_90nm,A049,-105.000,75.500,polyT30
clinical_grid_18_3x3_90nm,A050,-99.000,75.500,polyT30
clinical_grid_18_3x3_90nm,A051,-93.000,75.500,polyT30
clinical_grid_18_3x3_90nm,A052,-87.000,75.500,polyT30
clinical_grid_18_3x3_90nm,A053,-81.000,75.500,polyT30
clinical_grid_18_3x3_90nm,A054,-75.000,75.500,polyT30
clinical_grid_18_3x3_90nm,A055,-15.000,-75.500,polyT30
clinical_grid_18_3x3_90nm,A056,-9.000,-75.500,polyT30
clinical_grid_18_3x3_90nm,A057,-3.000,-75.500,polyT30
clinical_grid_18_3x3_90nm,A058,3.000,-75.500,polyT30
clinical_grid_18_3x3_90nm,A059,9.000,-75.500,polyT30
clinical_grid_18_3x3_90nm,A060,15.000,-75.500,polyT30
clinical_grid_18_3x3_90nm,A061,-15.000,-67.500,polyT30
clinical_grid_18_3x3_90nm,A062,-9.000,-67.500,polyT30
clinical_grid_18_3x3_90nm,A063,-3.000,-67.500,polyT30
clinical_grid_18_3x3_90nm,A064,3.000,-67.500,polyT30
clinical_grid_18_3x3_90nm,A065,9.000,-67.500,polyT30
clinical_grid_18_3x3_90nm,A066,15.000,-67.500,polyT30
clinical_grid_18_3x3_90nm,A067,-15.000,-59.500,polyT30
clinical_grid_18_3x3_90nm,A068,-9.000,-59.500,polyT30
clinical_grid_18_3x3_90nm,A069,-3.000,-59.500,polyT30
clinical_grid_18_3x3_90nm,A070,3.000,-59.500,polyT30
clinical_grid_18_3x3_90nm,A071,9.000,-59.500,polyT30
clinical_grid_18_3x3_90nm,A072,15.000,-59.500,polyT30
clinical_grid_18_3x3_90nm,A073,-15.000,-8.000,polyT30
clinical_grid_18_3x3_90nm,A074,-9.000,-8.000,polyT30
clinical_grid_18_3x3_90nm,A075,-3.000,-8.000,polyT30
clinical_grid_18_3x3_90nm,A076,3.000,-8.000,polyT30
clinical_grid_18_3x3_90nm,A077,9.000,-8.000,polyT30
clinical_grid_18_3x3_90nm,A078,15.000,-8.000,polyT30
clinical_grid_18_3x3_90nm,A079,-15.000,0.000,polyT30
clinical_grid_18_3x3_90nm,A080,-9.000,0.000,polyT30
clinical_grid_18_3x3_90nm,A081,-3.000,0.000,polyT30
clinical_grid_18_3x3_90nm,A082,3.000,0.000,polyT30
clinical_grid_18_3x3_90nm,A083,9.000,0.000,polyT30
clinical_grid_18_3x3_90nm,A084,15.000,0.000,polyT30
clinical_grid_18_3x3_90nm,A085,-15.000,8.000,polyT30
clinical_grid_18_3x3_90nm,A086,-9.000,8.000,polyT30
clinical_grid_18_3x3_90nm,A087,-3.000,8.000,polyT30
clinical_grid_18_3x3_90nm,A088,3.000,8.000,polyT30
clinical_grid_18_3x3_90nm,A089,9.000,8.000,polyT30
clinical_grid_18_3x3_90nm,A090,15.000,8.000,polyT30
clinical_grid_18_3x3_90nm,A091,-15.000,59.500,polyT30
clinical_grid_18_3x3_90nm,A092,-9.000,59.500,polyT30
clinical_grid_18_3x3_90nm,A093,-3.000,59.500,polyT30
clinical_grid_18_3x3_90nm,A094,3.000,59.500,polyT30
clinical_grid_18_3x3_90nm,A095,9.000,59.500,polyT30
clinical_grid_18_3x3_90nm,A096,15.000,59.500,polyT30
clinical_grid_18_3x3_90nm,A097,-15.000,67.500,polyT30
clinical_grid_18_3x3_90nm,A098,-9.000,67.500,polyT30
clinical_grid_18_3x3_90nm,A099,-3.000,67.500,polyT30
clinical_grid_18_3x3_90nm,A100,3.000,67.500,polyT30
clinical_grid_18_3x3_90nm,A101,9.000,67.500,polyT30
clinical_grid_18_3x3_90nm,A102,15.000,67.500,polyT30
clinical_grid_18_3x3_90nm,A103,-15.000,75.500,polyT30
clinical_grid_18_3x3_90nm,A104,-9.000,75.500,polyT30
clinical_grid_18_3x3_90nm,A105,-3.000,75.500,polyT30
clinical_grid_18_3x3_90nm,A106,3.000,75.500,polyT30
clinical_grid_18_3x3_90nm,A107,9.000,75.500,polyT30
clinical_grid_18_3x3_90nm,A108,15.000,75.500,polyT30
clinical_grid_18_3x3_90nm,A109,75.000,-75.500,polyT30
clinical_grid_18_3x3_90nm,A110,81.000,-75.500,polyT30
clinical_grid_18_3x3_90nm,A111,87.000,-75.500,polyT30
clinical_grid_18_3x3_90nm,A112,93.000,-75.500,polyT30
clinical_grid_18_3x3_90nm,A113,99.000,-75.500,polyT30
clinical_grid_18_3x3_90nm,A114,105.000,-75.500,polyT30
clinical_grid_18_3x3_90nm,A115,75.000,-67.500,polyT30
clinical_grid_18_3x3_90nm,A116,81.000,-67.500,polyT30
clinical_grid_18_3x3_90nm,A117,87.000,-67.500,polyT30
clinical_grid_18_3x3_90nm,A118,93.000,-67.500,polyT30
clinical_grid_18_3x3_90nm,A119,99.000,-67.500,polyT30
clinical_grid_18_3x3_90nm,A120,105.000,-67.500,polyT30
clinical_grid_18_3x3_90nm,A121,75.000,-59.500,polyT30
clinical_grid_18_3x3_90nm,A122,81.000,-59.500,polyT30
clinical_grid_18_3x3_90nm,A123,87.000,-59.500,polyT30
clinical_grid_18_3x3_90nm,A124,93.000,-59.500,polyT30
clinical_grid_18_3x3_90nm,A125,99.000,-59.500,polyT30
clinical_grid_18_3x3_90nm,A126,105.000,-59.500,polyT30
clinical_grid_18_3x3_90nm,A127,75.000,-8.000,polyT30
clinical_grid_18_3x3_90nm,A128,81.000,-8.000,polyT30
clinical_grid_18_3x3_90nm,A129,87.000,-8.000,polyT30
clinical_grid_18_3x3_90nm,A130,93.000,-8.000,polyT30
clinical_grid_18_3x3_90nm,A131,99.000,-8.000,polyT30
clinical_grid_18_3x3_90nm,A132,105.000,-8.000,polyT30
clinical_grid_18_3x3_90nm,A133,75.000,0.000,polyT30
clinical_grid_18_3x3_90nm,A134,81.000,0.000,polyT30
clinical_grid_18_3x3_90nm,A135,87.000,0.000,polyT30
clinical_grid_18_3x3_90nm,A136,93.000,0.000,polyT30
clinical_grid_18_3x3_90nm,A137,99.000,0.000,polyT30
clinical_grid_18_3x3_90nm,A138,105.000,0.000,polyT30
clinical_grid_18_3x3_90nm,A139,75.000,8.000,polyT30
clinical_grid_18_3x3_90nm,A140,81.000,8.000,polyT30
clinical_grid_18_3x3_90nm,A141,87.000,8.000,polyT30
clinical_grid_18_3x3_90nm,A142,93.000,8.000,polyT30
clinical_grid_18_3x3_90nm,A143,99.000,8.000,polyT30
clinical_grid_18_3x3_90nm,A144,105.000,8.000,polyT30
clinical_grid_18_3x3_90nm,A145,75.000,59.500,polyT30
clinical_grid_18_3x3_90nm,A146,81.000,59.500,polyT30
clinical_grid_18_3x3_90nm,A147,87.000,59.500,polyT30
clinical_grid_18_3x3_90nm,A148,93.000,59.500,polyT30
clinical_grid_18_3x3_90nm,A149,99.000,59.500,polyT30
clinical_grid_18_3x3_90nm,A150,105.000,59.500,polyT30
clinical_grid_18_3x3_90nm,A151,75.000,67.500,polyT30
clinical_grid_18_3x3_90nm,A152,81.000,67.500,polyT30
clinical_grid_18_3x3_90nm,A153,87.000,67.500,polyT30
clinical_grid_18_3x3_90nm,A154,93.000,67.500,polyT30
clinical_grid_18_3x3_90nm,A155,99.000,67.500,polyT30
clinical_grid_18_3x3_90nm,A156,105.000,67.500,polyT30
clinical_grid_18_3x3_90nm,A157,75.000,75.500,polyT30
clinical_grid_18_3x3_90nm,A158,81.000,75.500,polyT30
clinical_grid_18_3x3_90nm,A159,87.000,75.500,polyT30
clinical_grid_18_3x3_90nm,A160,93.000,75.500,polyT30
clinical_grid_18_3x3_90nm,A161,99.000,75.500,polyT30
clinical_grid_18_3x3_90nm,A162,105.000,75.500,polyT30
clinical_grid_18_5x3_70nm,A001,-155.000,-60.500,polyT30
clinical_grid_18_5x3_70nm,A002,-149.000,-60.500,polyT30
clinical_grid_18_5x3_70nm,A003,-143.000,-60.500,polyT30
clinical_grid_18_5x3_70nm,A004,-137.000,-60.500,polyT30
clinical_grid_18_5x3_70nm,A005,-131.000,-60.500,polyT30
clinical_grid_18_5x3_70nm,A006,-125.000,-60.500,polyT30
clinical_grid_18_5x3_70nm,A007,-155.000,-52.500,polyT30
clinical_grid_18_5x3_70nm,A008,-149.000,-52.500,polyT30
clinical_grid_18_5x3_70nm,A009,-143.000,-52.500,polyT30
clinical_grid_18_5x3_70nm,A010,-137.000,-52.500,polyT30
clinical_grid_18_5x3_70nm,A011,-131.000,-52.500,polyT30
clinical_grid_18_5x3_70nm,A012,-125.000,-52.500,polyT30
clinical_grid_18_5x3_70nm,A013,-155.000,-44.500,polyT30
clinical_grid_18_5x3_70nm,A014,-149.000,-44.500,polyT30
clinical_grid_18_5x3_70nm,A015,-143.000,-44.500,polyT30
clinical_grid_18_5x3_70nm,A016,-137.000,-44.500,polyT30
clinical_grid_18_5x3_70nm,A017,-131.000,-44.500,polyT30
clinical_grid_18_5x3_70nm,A018,-125.000,-44.500,polyT30
clinical_grid_18_5x3_70nm,A019,-155.000,-8.000,polyT30
clinical_grid_18_5x3_70nm,A020,-149.000,-8.000,polyT30
clinical_grid_18_5x3_70nm,A021,-143.000,-8.000,polyT30
clinical_grid_18_5x3_70nm,A022,-137.000,-8.000,polyT30
clinical_grid_18_5x3_70nm,A023,-131.000,-8.000,polyT30
clinical_grid_18_5x3_70nm,A024,-125.000,-8.000,polyT30
clinical_grid_18_5x3_70nm,A025,-155.000,0.000,polyT30
clinical_grid_18_5x3_70nm,A026,-149.000,0.000,polyT30
clinical_grid_18_5x3_70nm,A027,-143.000,0.000,polyT30
clinical_grid_18_5x3_70nm,A028,-137.000,0.000,polyT30
clinical_grid_18_5x3_70nm,A029,-131.000,0.000,polyT30
clinical_grid_18_5x3_70nm,A030,-125.000,0.000,polyT30
clinical_grid_18_5x3_70nm,A031,-155.000,8.000,polyT30
clinical_grid_18_5x3_70nm,A032,-149.000,8.000,polyT30
clinical_grid_18_5x3_70nm,A033,-143.000,8.000,polyT30
clinical_grid_18_5x3_70nm,A034,-137.000,8.000,polyT30
clinical_grid_18_5x3_70nm,A035,-131.000,8.000,polyT30
clinical_grid_18_5x3_70nm,A036,-125.000,8.000,polyT30
clinical_grid_18_5x3_70nm,A037,-155.000,44.500,polyT30
clinical_grid_18_5x3_70nm,A038,-149.000,44.500,polyT30
clinical_grid_18_5x3_70nm,A039,-143.000,44.500,polyT30
clinical_grid_18_5x3_70nm,A040,-137.000,44.500,polyT30
clinical_grid_18_5x3_70nm,A041,-131.000,44.500,polyT30
clinical_grid_18_5x3_70nm,A042,-125.000,44.500,polyT30
clinical_grid_18_5x3_70nm,A043,-155.000,52.500,polyT30
clinical_grid_18_5x3_70nm,A044,-149.000,52.500,polyT30
clinical_grid_18_5x3_70nm,A045,-143.000,52.500,polyT30
clinical_grid_18_5x3_70nm,A046,-137.000,52.500,polyT30
clinical_grid_18_5x3_70nm,A047,-131.000,52.500,polyT30
clinical_grid_18_5x3_70nm,A048,-125.000,52.500,polyT30
clinical_grid_18_5x3_70nm,A049,-155.000,60.500,polyT30
clinical_grid_18_5x3_70nm,A050,-149.000,60.500,polyT30
clinical_grid_18_5x3_70nm,A051,-143.000,60.500,polyT30
clinical_grid_18_5x3_70nm,A052,-137.000,60.500,polyT30
clinical_grid_18_5x3_70nm,A053,-131.000,60.500,polyT30
clinical_grid_18_5x3_70nm,A054,-125.000,60.500,polyT30
clinical_grid_18_5x3_70nm,A055,-85.000,-60.500,polyT30
clinical_grid_18_5x3_70nm,A056,-79.000,-60.500,polyT30
clinical_grid_18_5x3_70nm,A057,-73.000,-60.500,polyT30
clinical_grid_18_5x3_70nm,A058,-67.000,-60.500,polyT30
clinical_grid_18_5x3_70nm,A059,-61.000,-60.500,polyT30
clinical_grid_18_5x3_70nm,A060,-55.000,-60.500,polyT30
clinical_grid_18_5x3_70nm,A061,-85.000,-52.500,polyT30
clinical_grid_18_5x3_70nm,A062,-79.000,-52.500,polyT30
clinical_grid_18_5x3_70nm,A063,-73.000,-52.500,polyT30
clinical_grid_18_5x3_70nm,A064,-67.000,-52.500,polyT30
clinical_grid_18_5x3_70nm,A065,-61.000,-52.500,polyT30
clinical_grid_18_5x3_70nm,A066,-55.000,-52.500,polyT30
clinical_grid_18_5x3_70nm,A067,-85.000,-44.500,polyT30
clinical_grid_18_5x3_70nm,A068,-79.000,-44.500,polyT30
clinical_grid_18_5x3_70nm,A069,-73.000,-44.500,polyT30
clinical_grid_18_5x3_70nm,A070,-67.000,-44.500,polyT30
clinical_grid_18_5x3_70nm,A071,-61.000,-44.500,polyT30
clinical_grid_18_5x3_70nm,A072,-55.000,-44.500,polyT30
clinical_grid_18_5x3_70nm,A073,-85.000,-8.000,polyT30
clinical_grid_18_5x3_70nm,A074,-79.000,-8.000,polyT30
clinical_grid_18_5x3_70nm,A075,-73.000,-8.000,polyT30
clinical_grid_18_5x3_70nm,A076,-67.000,-8.000,polyT30
clinical_grid_18_5x3_70nm,A077,-61.000,-8.000,polyT30
clinical_grid_18_5x3_70nm,A078,-55.000,-8.000,polyT30
clinical_grid_18_5x3_70nm,A079,-85.000,0.000,polyT30
clinical_grid_18_5x3_70nm,A080,-79.000,0.000,polyT30
clinical_grid_18_5x3_70nm,A081,-73.000,0.000,polyT30
clinical_grid_18_5x3_70nm,A082,-67.000,0.000,polyT30
clinical_grid_18_5x3_70nm,A083,-61.000,0.000,polyT30
clinical_grid_18_5x3_70nm,A084,-55.000,0.000,polyT30
clinical_grid_18_5x3_70nm,A085,-85.000,8.000,polyT30
clinical_grid_18_5x3_70nm,A086,-79.000,8.000,polyT30
clinical_grid_18_5x3_70nm,A087,-73.000,8.000,polyT30
clinical_grid_18_5x3_70nm,A088,-67.000,8.000,polyT30
clinical_grid_18_5x3_70nm,A089,-61.000,8.000,polyT30
clinical_grid_18_5x3_70nm,A090,-55.000,8.000,polyT30
clinical_grid_18_5x3_70nm,A091,-85.000,44.500,polyT30
clinical_grid_18_5x3_70nm,A092,-79.000,44.500,polyT30
clinical_grid_18_5x3_70nm,A093,-73.000,44.500,polyT30
clinical_grid_18_5x3_70nm,A094,-67.000,44.500,polyT30
clinical_grid_18_5x3_70nm,A095,-61.000,44.500,polyT30
clinical_grid_18_5x3_70nm,A096,-55.000,44.500,polyT30
clinical_grid_18_5x3_70nm,A097,-85.000,52.500,polyT30
clinical_grid_18_5x3_70nm,A098,-79.000,52.500,polyT30
clinical_grid_18_5x3_70nm,A099,-73.000,52.500,polyT30
clinical_grid_18_5x3_70nm,A100,-67.000,52.500,polyT30
clinical_grid_18_5x3_70nm,A101,-61.000,52.500,polyT30
clinical_grid_18_5x3_70nm,A102,-55.000,52.500,polyT30
clinical_grid_18_5x3_70nm,A103,-85.000,60.500,polyT30
clinical_grid_18_5x3_70nm,A104,-79.000,60.500,polyT30
clinical_grid_18_5x3_70nm,A105,-73.000,60.500,polyT30
clinical_grid_18_5x3_70nm,A106,-67.000,60.500,polyT30
clinical_grid_18_5x3_70nm,A107,-61.000,60.500,polyT30
clinical_grid_18_5x3_70nm,A108,-55.000,60.500,polyT30
clinical_grid_18_5x3_70nm,A109,-15.000,-60.500,polyT30
clinical_grid_18_5x3_70nm,A110,-9.000,-60.500,polyT30
clinical_grid_18_5x3_70nm,A111,-3.000,-60.500,polyT30
clinical_grid_18_5x3_70nm,A112,3.000,-60.500,polyT30
clinical_grid_18_5x3_70nm,A113,9.000,-60.500,polyT30
clinical_grid_18_5x3_70nm,A114,15.000,-60.500,polyT30
clinical_grid_18_5x3_70nm,A115,-15.000,-52.500,polyT30
clinical_grid_18_5x3_70nm,A116,-9.000,-52.500,polyT30
clinical_grid_18_5x3_70nm,A117,-3.000,-52.500,polyT30
clinical_grid_18_5x3_70nm,A118,3.000,-52.500,polyT30
clinical_grid_18_5x3_70nm,A119,9.000,-52.500,polyT30
clinical_grid_18_5x3_70nm,A120,15.000,-52.500,polyT30
clinical_grid_18_5x3_70nm,A121,-15.000,-44.500,polyT30
clinical_grid_18_5x3_70nm,A122,-9.000,-44.500,polyT30
clinical_grid_18_5x3_70nm,A123,-3.000,-44.500,polyT30
clinical_grid_18_5x3_70nm,A124,3.000,-44.500,polyT30
clinical_grid_18_5x3_70nm,A125,9.000,-44.500,polyT30
clinical_grid_18_5x3_70nm,A126,15.000,-44.500,polyT30
clinical_grid_18_5x3_70nm,A127,-15.000,-8.000,polyT30
clinical_grid_18_5x3_70nm,A128,-9.000,-8.000,polyT30
clinical_grid_18_5x3_70nm,A129,-3.000,-8.000,polyT30
clinical_grid_18_5x3_70nm,A130,3.000,-8.000,polyT30
clinical_grid_18_5x3_70nm,A131,9.000,-8.000,polyT30
clinical_grid_18_5x3_70nm,A132,15.000,-8.000,polyT30
clinical_grid_18_5x3_70nm,A133,-15.000,0.000,polyT30
clinical_grid_18_5x3_70nm,A134,-9.000,0.000,polyT30
clinical_grid_18_5x3_70nm,A135,-3.000,0.000,polyT30
clinical_grid_18_5x3_70nm,A136,3.000,0.000,polyT30
clinical_grid_18_5x3_70nm,A137,9.000,0.000,polyT30
clinical_grid_18_5x3_70nm,A138,15.000,0.000,polyT30
clinical_grid_18_5x3_70nm,A139,-15.000,8.000,polyT30
clinical_grid_18_5x3_70nm,A140,-9.000,8.000,polyT30
clinical_grid_18_5x3_70nm,A141,-3.000,8.000,polyT30
clinical_grid_18_5x3_70nm,A142,3.000,8.000,polyT30
clinical_grid_18_5x3_70nm,A143,9.000,8.000,polyT30
clinical_grid_18_5x3_70nm,A144,15.000,8.000,polyT30
clinical_grid_18_5x3_70nm,A145,-15.000,44.500,polyT30
clinical_grid_18_5x3_70nm,A146,-9.000,44.500,polyT30
clinical_grid_18_5x3_70nm,A147,-3.000,44.500,polyT30
clinical_grid_18_5x3_70nm,A148,3.000,44.500,polyT30
clinical_grid_18_5x3_70nm,A149,9.000,44.500,polyT30
clinical_grid_18_5x3_70nm,A150,15.000,44.500,polyT30
clinical_grid_18_5x3_70nm,A151,-15.000,52.500,polyT30
clinical_grid_18_5x3_70nm,A152,-9.000,52.500,polyT30
clinical_grid_18_5x3_70nm,A153,-3.000,52.500,polyT30
clinical_grid_18_5x3_70nm,A154,3.000,52.500,polyT30
clinical_grid_18_5x3_70nm,A155,9.000,52.500,polyT30
clinical_grid_18_5x3_70nm,A156,15.000,52.500,polyT30
clinical_grid_18_5x3_70nm,A157,-15.000,60.500,polyT30
clinical_grid_18_5x3_70nm,A158,-9.000,60.500,polyT30
clinical_grid_18_5x3_70nm,A159,-3.000,60.500,polyT30
clinical_grid_18_5x3_70nm,A160,3.000,60.500,polyT30
clinical_grid_18_5x3_70nm,A161,9.000,60.500,polyT30
clinical_grid_18_5x3_70nm,A162,15.000,60.500,polyT30
clinical_grid_18_5x3_70nm,A163,55.000,-60.500,polyT30
clinical_grid_18_5x3_70nm,A164,61.000,-60.500,polyT30
clinical_grid_18_5x3_70nm,A165,67.000,-60.500,polyT30
clinical_grid_18_5x3_70nm,A166,73.000,-60.500,polyT30
clinical_grid_18_5x3_70nm,A167,79.000,-60.500,polyT30
clinical_grid_18_5x3_70nm,A168,85.000,-60.500,polyT30
clinical_grid_18_5x3_70nm,A169,55.000,-52.500,polyT30
clinical_grid_18_5x3_70nm,A170,61.000,-52.500,polyT30
clinical_grid_18_5x3_70nm,A171,67.000,-52.500,polyT30
clinical_grid_18_5x3_70nm,A172,73.000,-52.500,polyT30
clinical_grid_18_5x3_70nm,A173,79.000,-52.500,polyT30
clinical_grid_18_5x3_70nm,A174,85.000,-52.500,polyT30
clinical_grid_18_5x3_70nm,A175,55.000,-44.500,polyT30
clinical_grid_18_5x3_70nm,A176,61.000,-44.500,polyT30
clinical_grid_18_5x3_70nm,A177,67.000,-44.500,polyT30
clinical_grid_18_5x3_70nm,A178,73.000,-44.500,polyT30
clinical_grid_18_5x3_70nm,A179,79.000,-44.500,polyT30
clinical_grid_18_5x3_70nm,A180,85.000,-44.500,polyT30
clinical_grid_18_5x3_70nm,A181,55.000,-8.000,polyT30
clinical_grid_18_5x3_70nm,A182,61.000,-8.000,polyT30
clinical_grid_18_5x3_70nm,A183,67.000,-8.000,polyT30
clinical_grid_18_5x3_70nm,A184,73.000,-8.000,polyT30
clinical_grid_18_5x3_70nm,A185,79.000,-8.000,polyT30
clinical_grid_18_5x3_70nm,A186,85.000,-8.000,polyT30
clinical_grid_18_5x3_70nm,A187,55.000,0.000,polyT30
clinical_grid_18_5x3_70nm,A188,61.000,0.000,polyT30
clinical_grid_18_5x3_70nm,A189,67.000,0.000,polyT30
clinical_grid_18_5x3_70nm,A190,73.000,0.000,polyT30
clinical_grid_18_5x3_70nm,A191,79.000,0.000,polyT30
clinical_grid_18_5x3_70nm,A192,85.000,0.000,polyT30
clinical_grid_18_5x3_70nm,A193,55.000,8.000,polyT30
clinical_grid_18_5x3_70nm,A194,61.000,8.000,polyT30
clinical_grid_18_5x3_70nm,A195,67.000,8.000,polyT30
clinical_grid_18_5x3_70nm,A196,73.000,8.000,polyT30
clinical_grid_18_5x3_70nm,A197,79.000,8.000,polyT30
clinical_grid_18_5x3_70nm,A198,85.000,8.000,polyT30
clinical_grid_18_5x3_70nm,A199,55.000,44.500,polyT30
clinical_grid_18_5x3_70nm,A200,61.000,44.500,polyT30
clinical_grid_18_5x3_70nm,A201,67.000,44.500,polyT30
clinical_grid_18_5x3_70nm,A202,73.000,44.500,polyT30
clinical_grid_18_5x3_70nm,A203,79.000,44.500,polyT30
clinical_grid_18_5x3_70nm,A204,85.000,44.500,polyT30
clinical_grid_18_5x3_70nm,A205,55.000,52.500,polyT30
clinical_grid_18_5x3_70nm,A206,61.000,52.500,polyT30
clinical_grid_18_5x3_70nm,A207,67.000,52.500,polyT30
clinical_grid_18_5x3_70nm,A208,73.000,52.500,polyT30
clinical_grid_18_5x3_70nm,A209,79.000,52.500,polyT30
clinical_grid_18_5x3_70nm,A210,85.000,52.500,polyT30
clinical_grid_18_5x3_70nm,A211,55.000,60.500,polyT30
clinical_grid_18_5x3_70nm,A212,61.000,60.500,polyT30
clinical_grid_18_5x3_70nm,A213,67.000,60.500,polyT30
clinical_grid_18_5x3_70nm,A214,73.000,60.500,polyT30
clinical_grid_18_5x3_70nm,A215,79.000,60.500,polyT30
clinical_grid_18_5x3_70nm,A216,85.000,60.500,polyT30
clinical_grid_18_5x3_70nm,A217,125.000,-60.500,polyT30
clinical_grid_18_5x3_70nm,A218,131.000,-60.500,polyT30
clinical_grid_18_5x3_70nm,A219,137.000,-60.500,polyT30
clinical_grid_18_5x3_70nm,A220,143.000,-60.500,polyT30
clinical_grid_18_5x3_70nm,A221,149.000,-60.500,polyT30
clinical_grid_18_5x3_70nm,A222,155.000,-60.500,polyT30
clinical_grid_18_5x3_70nm,A223,125.000,-52.500,polyT30
clinical_grid_18_5x3_70nm,A224,131.000,-52.500,polyT30
clinical_grid_18_5x3_70nm,A225,137.000,-52.500,polyT30
clinical_grid_18_5x3_70nm,A226,143.000,-52.500,polyT30
clinical_grid_18_5x3_70nm,A227,149.000,-52.500,polyT30
clinical_grid_18_5x3_70nm,A228,155.000,-52.500,polyT30
clinical_grid_18_5x3_70nm,A229,125.000,-44.500,polyT30
clinical_grid_18_5x3_70nm,A230,131.000,-44.500,polyT30
clinical_grid_18_5x3_70nm,A231,137.000,-44.500,polyT30
clinical_grid_18_5x3_70nm,A232,143.000,-44.500,polyT30
clinical_grid_18_5x3_70nm,A233,149.000,-44.500,polyT30
clinical_grid_18_5x3_70nm,A234,155.000,-44.500,polyT30
clinical_grid_18_5x3_70nm,A235,125.000,-8.000,polyT30
clinical_grid_18_5x3_70nm,A236,131.000,-8.000,polyT30
clinical_grid_18_5x3_70nm,A237,137.000,-8.000,polyT30
clinical_grid_18_5x3_70nm,A238,143.000,-8.000,polyT30
clinical_grid_18_5x3_70nm,A239,149.000,-8.000,polyT30
clinical_grid_18_5x3_70nm,A240,155.000,-8.000,polyT30
clinical_grid_18_5x3_70nm,A241,125.000,0.000,polyT30
clinical_grid_18_5x3_70nm,A242,131.000,0.000,polyT30
clinical_grid_18_5x3_70nm,A243,137.000,0.000,polyT30
clinical_grid_18_5x3_70nm,A244,143.000,0.000,polyT30
clinical_grid_18_5x3_70nm,A245,149.000,0.000,polyT30
clinical_grid_18_5x3_70nm,A246,155.000,0.000,polyT30
clinical_grid_18_5x3_70nm,A247,125.000,8.000,polyT30
clinical_grid_18_5x3_70nm,A248,131.000,8.000,polyT30
clinical_grid_18_5x3_70nm,A249,137.000,8.000,polyT30
clinical_grid_18_5x3_70nm,A250,143.000,8.000,polyT30
clinical_grid_18_5x3_70nm,A251,149.000,8.000,polyT30
clinical_grid_18_5x3_70nm,A252,155.000,8.000,polyT30
clinical_grid_18_5x3_70nm,A253,125.000,44.500,polyT30
clinical_grid_18_5x3_70nm,A254,131.000,44.500,polyT30
clinical_grid_18_5x3_70nm,A255,137.000,44.500,polyT30
clinical_grid_18_5x3_70nm,A256,143.000,44.500,polyT30
clinical_grid_18_5x3_70nm,A257,149.000,44.500,polyT30
clinical_grid_18_5x3_70nm,A258,155.000,44.500,polyT30
clinical_grid_18_5x3_70nm,A259,125.000,52.500,polyT30
clinical_grid_18_5x3_70nm,A260,131.000,52.500,polyT30
clinical_grid_18_5x3_70nm,A261,137.000,52.500,polyT30
clinical_grid_18_5x3_70nm,A262,143.000,52.500,polyT30
clinical_grid_18_5x3_70nm,A263,149.000,52.500,polyT30
clinical_grid_18_5x3_70nm,A264,155.000,52.500,polyT30
clinical_grid_18_5x3_70nm,A265,125.000,60.500,polyT30
clinical_grid_18_5x3_70nm,A266,131.000,60.500,polyT30
clinical_grid_18_5x3_70nm,A267,137.000,60.500,polyT30
clinical_grid_18_5x3_70nm,A268,143.000,60.500,polyT30
clinical_grid_18_5x3_70nm,A269,149.000,60.500,polyT30
clinical_grid_18_5x3_70nm,A270,155.000,60.500,polyT30
