scenario,field,unit_layout,tile_copies,total_aptamers,spacing_nm,encounters,single_encounter_target_capture,target_capture_after_encounters,false_capture_risk,damage_or_loss_risk,useful_capture_score
clean_buffer,clinical_grid_18_1x1_90nm,clinical_grid_18,1,18,90,10,0.2437,0.9296,0.0124,0.0489,0.9142
clean_buffer,clinical_dense_24_1x1_90nm,clinical_dense_24,1,24,90,10,0.2437,0.9296,0.0165,0.0489,0.9129
clean_buffer,clinical_grid_18_4x3_70nm,clinical_grid_18,12,216,70,10,0.3063,0.9688,0.1403,0.0489,0.9099
clean_buffer,clinical_grid_18_3x3_90nm,clinical_grid_18,9,162,90,10,0.2812,0.9564,0.1070,0.0489,0.9093
clean_buffer,clinical_grid_18_4x3_70nm,clinical_grid_18,12,216,70,9,0.3063,0.9566,0.1272,0.0441,0.9040
clean_buffer,clinical_dense_24_3x3_70nm,clinical_dense_24,9,216,70,10,0.2875,0.9598,0.1403,0.0489,0.9016
clean_buffer,clinical_grid_18_3x3_90nm,clinical_grid_18,9,162,90,9,0.2812,0.9413,0.0968,0.0441,0.8994
clean_buffer,clinical_grid_18_1x1_90nm,clinical_grid_18,1,18,90,9,0.2437,0.9094,0.0112,0.0441,0.8959
clean_buffer,clinical_dense_24_1x1_90nm,clinical_dense_24,1,24,90,9,0.2437,0.9094,0.0149,0.0441,0.8947
clean_buffer,clinical_grid_18_3x3_70nm,clinical_grid_18,9,162,70,10,0.2562,0.9398,0.1070,0.0489,0.8936
clean_buffer,clinical_dense_24_3x3_70nm,clinical_dense_24,9,216,70,9,0.2875,0.9455,0.1272,0.0441,0.8935
clean_buffer,clinical_grid_18_4x3_70nm,clinical_grid_18,12,216,70,8,0.3063,0.9395,0.1139,0.0393,0.8932
clean_buffer,clinical_grid_18_5x3_70nm,clinical_grid_18,15,270,70,10,0.2812,0.9564,0.1724,0.0489,0.8877
clean_buffer,clinical_grid_18_3x3_90nm,clinical_grid_18,9,162,90,8,0.2812,0.9207,0.0865,0.0393,0.8841
clean_buffer,clinical_grid_18_5x4_70nm,clinical_grid_18,20,360,70,10,0.3063,0.9688,0.2237,0.0489,0.8820
moderate_background,clinical_grid_18_1x1_90nm,clinical_grid_18,1,18,90,10,0.2437,0.9198,0.0288,0.0956,0.8818
clean_buffer,clinical_grid_18_3x3_70nm,clinical_grid_18,9,162,70,9,0.2562,0.9214,0.0968,0.0441,0.8804
clean_buffer,clinical_dense_24_3x3_70nm,clinical_dense_24,9,216,70,8,0.2875,0.9259,0.1139,0.0393,0.8802
clean_buffer,clinical_grid_18_5x3_70nm,clinical_grid_18,15,270,70,9,0.2812,0.9413,0.1566,0.0441,0.8799
clean_buffer,clinical_grid_18_5x4_70nm,clinical_grid_18,20,360,70,9,0.3063,0.9566,0.2038,0.0441,0.8786
moderate_background,clinical_dense_24_1x1_90nm,clinical_dense_24,1,24,90,10,0.2437,0.9198,0.0382,0.0956,0.8780
clean_buffer,clinical_grid_18_4x3_70nm,clinical_grid_18,12,216,70,7,0.3063,0.9154,0.1004,0.0345,0.8756
clean_buffer,clinical_grid_18_4x3_90nm,clinical_grid_18,12,216,90,10,0.2437,0.9296,0.1403,0.0489,0.8731
clean_buffer,clinical_grid_18_1x1_90nm,clinical_grid_18,1,18,90,8,0.2437,0.8831,0.0100,0.0393,0.8714
clean_buffer,clinical_grid_18_5x4_70nm,clinical_grid_18,20,360,70,8,0.3063,0.9395,0.1833,0.0393,0.8706
clean_buffer,clinical_dense_24_1x1_90nm,clinical_dense_24,1,24,90,8,0.2437,0.8831,0.0133,0.0393,0.8704
clean_buffer,clinical_dense_24_5x4_90nm,clinical_dense_24,20,480,90,10,0.3063,0.9688,0.2626,0.0489,0.8690
clean_buffer,clinical_grid_18_5x3_70nm,clinical_grid_18,15,270,70,8,0.2812,0.9207,0.1405,0.0393,0.8669
clean_buffer,clinical_dense_24_5x4_90nm,clinical_dense_24,20,480,90,9,0.3063,0.9566,0.2398,0.0441,0.8667
moderate_background,clinical_grid_18_1x1_90nm,clinical_grid_18,1,18,90,9,0.2437,0.8993,0.0259,0.0865,0.8658
moderate_background,clinical_dense_24_1x1_90nm,clinical_dense_24,1,24,90,9,0.2437,0.8993,0.0345,0.0865,0.8624
clean_buffer,clinical_grid_18_3x3_70nm,clinical_grid_18,9,162,70,8,0.2562,0.8971,0.0865,0.0393,0.8614
clean_buffer,clinical_grid_18_3x3_90nm,clinical_grid_18,9,162,90,7,0.2812,0.8926,0.0761,0.0345,0.8613
clean_buffer,clinical_dense_24_5x4_90nm,clinical_dense_24,20,480,90,8,0.3063,0.9395,0.2163,0.0393,0.8599
clean_buffer,clinical_dense_24_3x3_70nm,clinical_dense_24,9,216,70,7,0.2875,0.8988,0.1004,0.0345,0.8597
clean_buffer,clinical_grid_18_4x3_90nm,clinical_grid_18,12,216,90,9,0.2437,0.9094,0.1272,0.0441,0.8594
clean_buffer,clinical_dense_24_4x3_70nm,clinical_dense_24,12,288,70,10,0.2437,0.9296,0.1829,0.0489,0.8594
clean_buffer,clinical_grid_18_5x4_70nm,clinical_grid_18,20,360,70,7,0.3063,0.9154,0.1624,0.0345,0.8559
clean_buffer,clinical_dense_24_1x1_70nm,clinical_dense_24,1,24,70,10,0.1938,0.8712,0.0165,0.0489,0.8556
clean_buffer,clinical_grid_18_4x3_70nm,clinical_grid_18,12,216,70,6,0.3063,0.8811,0.0867,0.0296,0.8480
clean_buffer,clinical_dense_24_4x3_70nm,clinical_dense_24,12,288,70,9,0.2437,0.9094,0.1663,0.0441,0.8471
clean_buffer,clinical_grid_18_1x1_70nm,clinical_grid_18,1,18,70,10,0.1875,0.8614,0.0124,0.0489,0.8471
clean_buffer,clinical_dense_24_5x4_90nm,clinical_dense_24,20,480,90,7,0.3063,0.9154,0.1920,0.0345,0.8465
clean_buffer,clinical_grid_18_5x3_70nm,clinical_grid_18,15,270,70,7,0.2812,0.8926,0.1241,0.0345,0.8465
clean_buffer,clinical_dense_24_5x3_90nm,clinical_dense_24,15,360,90,10,0.2437,0.9296,0.2237,0.0489,0.8463
moderate_background,clinical_grid_18_1x1_90nm,clinical_grid_18,1,18,90,8,0.2437,0.8730,0.0231,0.0773,0.8439
clean_buffer,clinical_dense_24_5x3_70nm,clinical_dense_24,15,360,70,10,0.2375,0.9239,0.2237,0.0489,0.8412
moderate_background,clinical_dense_24_1x1_90nm,clinical_dense_24,1,24,90,8,0.2437,0.8730,0.0307,0.0773,0.8410
clean_buffer,clinical_grid_18_4x3_90nm,clinical_grid_18,12,216,90,8,0.2437,0.8831,0.1139,0.0393,0.8396
clean_buffer,clinical_grid_18_1x1_90nm,clinical_grid_18,1,18,90,7,0.2437,0.8488,0.0087,0.0345,0.8389
clean_buffer,clinical_dense_24_1x1_90nm,clinical_dense_24,1,24,90,7,0.2437,0.8488,0.0116,0.0345,0.8381
clean_buffer,clinical_dense_24_4x3_90nm,clinical_dense_24,12,288,90,10,0.2188,0.9044,0.1829,0.0489,0.8361
clean_buffer,clinical_dense_24_5x3_90nm,clinical_dense_24,15,360,90,9,0.2437,0.9094,0.2038,0.0441,0.8352
clean_buffer,clinical_grid_18_3x3_70nm,clinical_grid_18,9,162,70,7,0.2562,0.8648,0.0761,0.0345,0.8345
clean_buffer,clinical_dense_24_5x4_70nm,clinical_dense_24,20,480,70,10,0.2437,0.9296,0.2626,0.0489,0.8338
clean_buffer,clinical_grid_18_5x4_70nm,clinical_grid_18,20,360,70,6,0.3063,0.8811,0.1409,0.0296,0.8314
clean_buffer,clinical_dense_24_1x1_70nm,clinical_dense_24,1,24,70,9,0.1938,0.8435,0.0149,0.0441,0.8299
clean_buffer,clinical_dense_24_5x3_70nm,clinical_dense_24,15,360,70,9,0.2375,0.9029,0.2038,0.0441,0.8292
clean_buffer,clinical_dense_24_3x3_70nm,clinical_dense_24,9,216,70,6,0.2875,0.8612,0.0867,0.0296,0.8289
clean_buffer,clinical_dense_24_4x3_70nm,clinical_dense_24,12,288,70,8,0.2437,0.8831,0.1492,0.0393,0.8288
clean_buffer,clinical_grid_18_3x3_90nm,clinical_grid_18,9,162,90,6,0.2812,0.8539,0.0656,0.0296,0.8281
moderate_background,clinical_grid_18_3x3_90nm,clinical_grid_18,9,162,90,10,0.2812,0.9490,0.2336,0.0956,0.8249
clean_buffer,clinical_dense_24_5x4_70nm,clinical_dense_24,20,480,70,9,0.2437,0.9094,0.2398,0.0441,0.8239
clean_buffer,clinical_dense_24_5x4_90nm,clinical_dense_24,20,480,90,6,0.3063,0.8811,0.1670,0.0296,0.8234
moderate_background,clinical_grid_18_3x3_90nm,clinical_grid_18,9,162,90,9,0.2812,0.9333,0.2129,0.0865,0.8220
clean_buffer,clinical_grid_18_1x1_70nm,clinical_grid_18,1,18,70,9,0.1875,0.8327,0.0112,0.0441,0.8203
clean_buffer,clinical_dense_24_4x3_90nm,clinical_dense_24,12,288,90,9,0.2188,0.8805,0.1663,0.0441,0.8201
moderate_background,clinical_dense_24_1x1_70nm,clinical_dense_24,1,24,70,10,0.1938,0.8580,0.0382,0.0956,0.8191
clean_buffer,clinical_dense_24_5x3_90nm,clinical_dense_24,15,360,90,8,0.2437,0.8831,0.1833,0.0393,0.8183
clean_buffer,clinical_dense_24_3x3_90nm,clinical_dense_24,9,216,90,10,0.1938,0.8712,0.1403,0.0489,0.8183
clean_buffer,clinical_grid_18_5x3_70nm,clinical_grid_18,15,270,70,6,0.2812,0.8539,0.1074,0.0296,0.8157
moderate_background,clinical_grid_18_3x3_90nm,clinical_grid_18,9,162,90,8,0.2812,0.9124,0.1917,0.0773,0.8144
moderate_background,clinical_grid_18_1x1_90nm,clinical_grid_18,1,18,90,7,0.2437,0.8389,0.0202,0.0679,0.8144
moderate_background,clinical_grid_18_1x1_70nm,clinical_grid_18,1,18,70,10,0.1875,0.8477,0.0288,0.0956,0.8127
clean_buffer,clinical_grid_18_4x3_90nm,clinical_grid_18,12,216,90,7,0.2437,0.8488,0.1004,0.0345,0.8119
moderate_background,clinical_dense_24_1x1_90nm,clinical_dense_24,1,24,90,7,0.2437,0.8389,0.0269,0.0679,0.8119
clean_buffer,clinical_dense_24_5x3_70nm,clinical_dense_24,15,360,70,8,0.2375,0.8756,0.1833,0.0393,0.8114
moderate_background,clinical_grid_18_4x3_70nm,clinical_grid_18,12,216,70,9,0.3063,0.9500,0.2743,0.0865,0.8111
moderate_background,clinical_grid_18_4x3_70nm,clinical_grid_18,12,216,70,8,0.3063,0.9323,0.2480,0.0773,0.8091
moderate_background,clinical_grid_18_3x3_70nm,clinical_grid_18,9,162,70,10,0.2562,0.9309,0.2336,0.0956,0.8091
moderate_background,clinical_grid_18_4x3_70nm,clinical_grid_18,12,216,70,10,0.3063,0.9627,0.2997,0.0956,0.8090
clean_buffer,clinical_dense_24_5x4_70nm,clinical_dense_24,20,480,70,8,0.2437,0.8831,0.2163,0.0393,0.8083
clean_buffer,clinical_grid_18_4x3_70nm,clinical_grid_18,12,216,70,5,0.3063,0.8322,0.0728,0.0248,0.8060
dirty_biofluid_like,clinical_grid_18_1x1_90nm,clinical_grid_18,1,18,90,10,0.2437,0.8986,0.0568,0.1829,0.8044
moderate_background,clinical_grid_18_3x3_70nm,clinical_grid_18,9,162,70,9,0.2562,0.9121,0.2129,0.0865,0.8033
clean_buffer,clinical_dense_24_4x3_70nm,clinical_dense_24,12,288,70,7,0.2437,0.8488,0.1319,0.0345,0.8026
moderate_background,clinical_grid_18_4x3_70nm,clinical_grid_18,12,216,70,7,0.3063,0.9078,0.2207,0.0679,0.8010
moderate_background,clinical_dense_24_3x3_70nm,clinical_dense_24,9,216,70,9,0.2875,0.9379,0.2743,0.0865,0.8008
moderate_background,clinical_dense_24_3x3_70nm,clinical_dense_24,9,216,70,10,0.2875,0.9528,0.2997,0.0956,0.8006
moderate_background,clinical_grid_18_3x3_90nm,clinical_grid_18,9,162,90,7,0.2812,0.8841,0.1699,0.0679,0.7998
clean_buffer,clinical_dense_24_4x3_90nm,clinical_dense_24,12,288,90,8,0.2188,0.8503,0.1492,0.0393,0.7980
clean_buffer,clinical_dense_24_1x1_70nm,clinical_dense_24,1,24,70,8,0.1938,0.8094,0.0133,0.0393,0.7978
clean_buffer,clinical_dense_24_3x3_90nm,clinical_dense_24,9,216,90,9,0.1938,0.8435,0.1272,0.0441,0.7971
clean_buffer,clinical_grid_18_3x3_70nm,clinical_grid_18,9,162,70,6,0.2562,0.8219,0.0656,0.0296,0.7970
moderate_background,clinical_dense_24_3x3_70nm,clinical_dense_24,9,216,70,8,0.2875,0.9178,0.2480,0.0773,0.7965
moderate_background,clinical_dense_24_1x1_70nm,clinical_dense_24,1,24,70,9,0.1938,0.8306,0.0345,0.0865,0.7965
clean_buffer,clinical_grid_18_1x1_90nm,clinical_grid_18,1,18,90,6,0.2437,0.8038,0.0075,0.0296,0.7957
dirty_biofluid_like,clinical_dense_24_1x1_90nm,clinical_dense_24,1,24,90,10,0.2437,0.8986,0.0751,0.1829,0.7953
clean_buffer,clinical_dense_24_1x1_90nm,clinical_dense_24,1,24,90,6,0.2437,0.8038,0.0100,0.0296,0.7950
dirty_biofluid_like,clinical_grid_18_1x1_90nm,clinical_grid_18,1,18,90,9,0.2437,0.8780,0.0513,0.1663,0.7944
clean_buffer,clinical_dense_24_5x3_90nm,clinical_dense_24,15,360,90,7,0.2437,0.8488,0.1624,0.0345,0.7936
clean_buffer,clinical_grid_18_5x4_70nm,clinical_grid_18,20,360,70,5,0.3063,0.8322,0.1189,0.0248,0.7927
moderate_background,clinical_grid_18_3x3_70nm,clinical_grid_18,9,162,70,8,0.2562,0.8876,0.1917,0.0773,0.7922
moderate_background,clinical_grid_18_1x1_70nm,clinical_grid_18,1,18,70,9,0.1875,0.8195,0.0259,0.0865,0.7889
clean_buffer,clinical_grid_18_1x1_70nm,clinical_grid_18,1,18,70,8,0.1875,0.7977,0.0100,0.0393,0.7871
clean_buffer,clinical_dense_24_5x4_90nm,clinical_dense_24,20,480,90,5,0.3063,0.8322,0.1413,0.0248,0.7862
dirty_biofluid_like,clinical_dense_24_1x1_90nm,clinical_dense_24,1,24,90,9,0.2437,0.8780,0.0679,0.1663,0.7862
moderate_background,clinical_dense_24_3x3_70nm,clinical_dense_24,9,216,70,7,0.2875,0.8905,0.2207,0.0679,0.7857
clean_buffer,clinical_dense_24_5x3_70nm,clinical_dense_24,15,360,70,7,0.2375,0.8403,0.1624,0.0345,0.7857
clean_buffer,clinical_dense_24_5x4_70nm,clinical_dense_24,20,480,70,7,0.2437,0.8488,0.1920,0.0345,0.7849
clean_buffer,clinical_grid_18_5x4_90nm,clinical_grid_18,20,360,90,10,0.1875,0.8614,0.2237,0.0489,0.7842
moderate_background,clinical_grid_18_4x3_70nm,clinical_grid_18,12,216,70,6,0.3063,0.8735,0.1925,0.0585,0.7838
clean_buffer,clinical_dense_24_3x3_70nm,clinical_dense_24,9,216,70,5,0.2875,0.8089,0.0728,0.0248,0.7835
clean_buffer,clinical_grid_18_3x3_90nm,clinical_grid_18,9,162,90,5,0.2812,0.8006,0.0550,0.0248,0.7803
clean_buffer,clinical_grid_18_5x3_90nm,clinical_grid_18,15,270,90,10,0.1750,0.8398,0.1724,0.0489,0.7795
dirty_biofluid_like,clinical_grid_18_1x1_90nm,clinical_grid_18,1,18,90,8,0.2437,0.8520,0.0457,0.1492,0.7791
moderate_background,clinical_grid_18_3x3_90nm,clinical_grid_18,9,162,90,6,0.2812,0.8456,0.1475,0.0585,0.7756
moderate_background,clinical_grid_18_1x1_90nm,clinical_grid_18,1,18,90,6,0.2437,0.7946,0.0174,0.0585,0.7746
moderate_background,clinical_grid_18_3x3_70nm,clinical_grid_18,9,162,70,7,0.2562,0.8554,0.1699,0.0679,0.7739
clean_buffer,clinical_grid_18_4x3_90nm,clinical_grid_18,12,216,90,6,0.2437,0.8038,0.0867,0.0296,0.7736
moderate_background,clinical_grid_18_5x3_70nm,clinical_grid_18,15,270,70,9,0.2812,0.9333,0.3314,0.0865,0.7735
moderate_background,clinical_grid_18_4x3_90nm,clinical_grid_18,12,216,90,10,0.2437,0.9198,0.2997,0.0956,0.7729
moderate_background,clinical_dense_24_1x1_90nm,clinical_dense_24,1,24,90,6,0.2437,0.7946,0.0231,0.0585,0.7725
moderate_background,clinical_grid_18_5x3_70nm,clinical_grid_18,15,270,70,10,0.2812,0.9490,0.3607,0.0956,0.7721
dirty_biofluid_like,clinical_dense_24_1x1_90nm,clinical_dense_24,1,24,90,8,0.2437,0.8520,0.0606,0.1492,0.7720
moderate_background,clinical_grid_18_5x3_70nm,clinical_grid_18,15,270,70,8,0.2812,0.9124,0.3008,0.0773,0.7706
clean_buffer,clinical_grid_18_5x3_70nm,clinical_grid_18,15,270,70,5,0.2812,0.8006,0.0903,0.0248,0.7705
clean_buffer,clinical_dense_24_3x3_90nm,clinical_dense_24,9,216,90,8,0.1938,0.8094,0.1139,0.0393,0.7695
moderate_background,clinical_dense_24_1x1_70nm,clinical_dense_24,1,24,70,8,0.1938,0.7972,0.0307,0.0773,0.7680
moderate_background,clinical_grid_18_4x3_90nm,clinical_grid_18,12,216,90,9,0.2437,0.8993,0.2743,0.0865,0.7679
clean_buffer,clinical_dense_24_4x3_90nm,clinical_dense_24,12,288,90,7,0.2188,0.8119,0.1319,0.0345,0.7678
clean_buffer,clinical_dense_24_4x3_70nm,clinical_dense_24,12,288,70,6,0.2437,0.8038,0.1142,0.0296,0.7659
moderate_background,clinical_dense_24_3x3_70nm,clinical_dense_24,9,216,70,6,0.2875,0.8530,0.1925,0.0585,0.7655
clean_buffer,clinical_grid_18_5x4_90nm,clinical_grid_18,20,360,90,9,0.1875,0.8327,0.2038,0.0441,0.7648
moderate_background,clinical_grid_18_5x3_70nm,clinical_grid_18,15,270,70,7,0.2812,0.8841,0.2689,0.0679,0.7613
moderate_background,clinical_grid_18_1x1_70nm,clinical_grid_18,1,18,70,8,0.1875,0.7852,0.0231,0.0773,0.7591
clean_buffer,clinical_dense_24_5x3_90nm,clinical_dense_24,15,360,90,6,0.2437,0.8038,0.1409,0.0296,0.7585
clean_buffer,clinical_dense_24_1x1_70nm,clinical_dense_24,1,24,70,7,0.1938,0.7674,0.0116,0.0345,0.7577
moderate_background,clinical_grid_18_4x3_90nm,clinical_grid_18,12,216,90,8,0.2437,0.8730,0.2480,0.0773,0.7576
dirty_biofluid_like,clinical_grid_18_1x1_90nm,clinical_grid_18,1,18,90,7,0.2437,0.8188,0.0401,0.1319,0.7569
clean_buffer,clinical_grid_18_5x3_90nm,clinical_grid_18,15,270,90,9,0.1750,0.8093,0.1566,0.0441,0.7565
moderate_background,clinical_grid_18_5x4_70nm,clinical_grid_18,20,360,70,8,0.3063,0.9323,0.3817,0.0773,0.7543
moderate_background,clinical_grid_18_4x3_70nm,clinical_grid_18,12,216,70,5,0.3063,0.8250,0.1632,0.0490,0.7532
moderate_background,clinical_grid_18_5x4_70nm,clinical_grid_18,20,360,70,7,0.3063,0.9078,0.3434,0.0679,0.7519
moderate_background,clinical_grid_18_5x4_70nm,clinical_grid_18,20,360,70,9,0.3063,0.9500,0.4178,0.0865,0.7513
clean_buffer,clinical_dense_24_5x4_70nm,clinical_dense_24,20,480,70,6,0.2437,0.8038,0.1670,0.0296,0.7512
dirty_biofluid_like,clinical_dense_24_1x1_90nm,clinical_dense_24,1,24,90,7,0.2437,0.8188,0.0532,0.1319,0.7509
clean_buffer,clinical_dense_24_5x3_70nm,clinical_dense_24,15,360,70,6,0.2375,0.7942,0.1409,0.0296,0.7495
clean_buffer,clinical_grid_18_1x1_70nm,clinical_grid_18,1,18,70,7,0.1875,0.7549,0.0087,0.0345,0.7461
moderate_background,clinical_grid_18_3x3_70nm,clinical_grid_18,9,162,70,6,0.2562,0.8130,0.1475,0.0585,0.7457
clean_buffer,clinical_grid_18_3x3_70nm,clinical_grid_18,9,162,70,5,0.2562,0.7645,0.0550,0.0248,0.7451
moderate_background,clinical_grid_18_5x4_70nm,clinical_grid_18,20,360,70,10,0.3063,0.9627,0.4518,0.0956,0.7450
clean_buffer,clinical_grid_18_4x3_70nm,clinical_grid_18,12,216,70,4,0.3063,0.7623,0.0587,0.0199,0.7429
moderate_background,clinical_grid_18_5x3_70nm,clinical_grid_18,15,270,70,6,0.2812,0.8456,0.2354,0.0585,0.7428
moderate_background,clinical_grid_18_5x4_70nm,clinical_grid_18,20,360,70,6,0.3063,0.8735,0.3028,0.0585,0.7412
moderate_background,clinical_dense_24_4x3_70nm,clinical_dense_24,12,288,70,10,0.2437,0.9198,0.3799,0.0956,0.7407
moderate_background,clinical_grid_18_4x3_90nm,clinical_grid_18,12,216,90,7,0.2437,0.8389,0.2207,0.0679,0.7402
clean_buffer,clinical_grid_18_5x4_90nm,clinical_grid_18,20,360,90,8,0.1875,0.7977,0.1833,0.0393,0.7392
clean_buffer,clinical_grid_18_1x1_90nm,clinical_grid_18,1,18,90,5,0.2437,0.7446,0.0062,0.0248,0.7384
moderate_background,clinical_dense_24_4x3_70nm,clinical_dense_24,12,288,70,9,0.2437,0.8993,0.3496,0.0865,0.7382
clean_buffer,clinical_dense_24_1x1_90nm,clinical_dense_24,1,24,90,5,0.2437,0.7446,0.0083,0.0248,0.7378
moderate_background,clinical_grid_18_3x3_90nm,clinical_grid_18,9,162,90,5,0.2812,0.7930,0.1245,0.0490,0.7376
dirty_biofluid_like,clinical_dense_24_1x1_70nm,clinical_dense_24,1,24,70,10,0.1938,0.8304,0.0751,0.1829,0.7350
clean_buffer,clinical_dense_24_3x3_90nm,clinical_dense_24,9,216,90,7,0.1938,0.7674,0.1004,0.0345,0.7341
dirty_biofluid_like,clinical_grid_18_1x1_70nm,clinical_grid_18,1,18,70,10,0.1875,0.8194,0.0568,0.1829,0.7336
clean_buffer,clinical_grid_18_5x4_70nm,clinical_grid_18,20,360,70,4,0.3063,0.7623,0.0963,0.0199,0.7329
moderate_background,clinical_dense_24_1x1_70nm,clinical_dense_24,1,24,70,7,0.1938,0.7562,0.0269,0.0679,0.7318
moderate_background,clinical_dense_24_3x3_70nm,clinical_dense_24,9,216,70,5,0.2875,0.8014,0.1632,0.0490,0.7317
moderate_background,clinical_dense_24_4x3_70nm,clinical_dense_24,12,288,70,8,0.2437,0.8730,0.3177,0.0773,0.7309
moderate_background,clinical_dense_24_5x4_90nm,clinical_dense_24,20,480,90,8,0.3063,0.9323,0.4404,0.0773,0.7302
moderate_background,clinical_dense_24_5x4_90nm,clinical_dense_24,20,480,90,7,0.3063,0.9078,0.3983,0.0679,0.7299
clean_buffer,clinical_dense_24_5x4_90nm,clinical_dense_24,20,480,90,4,0.3063,0.7623,0.1147,0.0199,0.7280
clean_buffer,clinical_grid_18_5x3_90nm,clinical_grid_18,15,270,90,8,0.1750,0.7726,0.1405,0.0393,0.7274
clean_buffer,clinical_dense_24_4x3_90nm,clinical_dense_24,12,288,90,6,0.2188,0.7631,0.1142,0.0296,0.7272
moderate_background,clinical_dense_24_5x4_90nm,clinical_dense_24,20,480,90,9,0.3063,0.9500,0.4796,0.0865,0.7256
dirty_biofluid_like,clinical_grid_18_1x1_90nm,clinical_grid_18,1,18,90,6,0.2437,0.7761,0.0345,0.1142,0.7253
moderate_background,clinical_dense_24_5x4_90nm,clinical_dense_24,20,480,90,6,0.3063,0.8735,0.3530,0.0585,0.7218
moderate_background,clinical_grid_18_1x1_70nm,clinical_grid_18,1,18,70,7,0.1875,0.7435,0.0202,0.0679,0.7217
clean_buffer,clinical_grid_18_4x3_90nm,clinical_grid_18,12,216,90,5,0.2437,0.7446,0.0728,0.0248,0.7211
moderate_background,clinical_grid_18_1x1_90nm,clinical_grid_18,1,18,90,5,0.2437,0.7366,0.0145,0.0490,0.7210
moderate_background,clinical_dense_24_3x3_90nm,clinical_dense_24,9,216,90,10,0.1938,0.8580,0.2997,0.0956,0.7210
dirty_biofluid_like,clinical_dense_24_1x1_90nm,clinical_dense_24,1,24,90,6,0.2437,0.7761,0.0458,0.1142,0.7203
dirty_biofluid_like,clinical_dense_24_1x1_70nm,clinical_dense_24,1,24,70,9,0.1938,0.8042,0.0679,0.1663,0.7201
moderate_background,clinical_dense_24_1x1_90nm,clinical_dense_24,1,24,90,5,0.2437,0.7366,0.0193,0.0490,0.7194
moderate_background,clinical_dense_24_4x3_90nm,clinical_dense_24,12,288,90,10,0.2188,0.8929,0.3799,0.0956,0.7190
moderate_background,clinical_dense_24_5x4_90nm,clinical_dense_24,20,480,90,10,0.3063,0.9627,0.5160,0.0956,0.7180
moderate_background,clinical_grid_18_5x4_70nm,clinical_grid_18,20,360,70,5,0.3063,0.8250,0.2596,0.0490,0.7179
clean_buffer,clinical_dense_24_3x3_70nm,clinical_dense_24,9,216,70,4,0.2875,0.7360,0.0587,0.0199,0.7174
dirty_biofluid_like,clinical_grid_18_1x1_70nm,clinical_grid_18,1,18,70,9,0.1875,0.7925,0.0513,0.1663,0.7170
moderate_background,clinical_dense_24_4x3_70nm,clinical_dense_24,12,288,70,7,0.2437,0.8389,0.2843,0.0679,0.7167
clean_buffer,clinical_dense_24_4x3_70nm,clinical_dense_24,12,288,70,5,0.2437,0.7446,0.0961,0.0248,0.7151
moderate_background,clinical_dense_24_4x3_90nm,clinical_dense_24,12,288,90,9,0.2188,0.8690,0.3496,0.0865,0.7133
moderate_background,clinical_grid_18_4x3_90nm,clinical_grid_18,12,216,90,6,0.2437,0.7946,0.1925,0.0585,0.7130
clean_buffer,clinical_grid_18_3x3_90nm,clinical_grid_18,9,162,90,4,0.2812,0.7268,0.0442,0.0199,0.7120
moderate_background,clinical_dense_24_5x3_90nm,clinical_dense_24,15,360,90,10,0.2437,0.9198,0.4518,0.0956,0.7118
moderate_background,clinical_dense_24_5x3_90nm,clinical_dense_24,15,360,90,9,0.2437,0.8993,0.4178,0.0865,0.7113
moderate_background,clinical_grid_18_5x3_70nm,clinical_grid_18,15,270,70,5,0.2812,0.7930,0.2004,0.0490,0.7109
clean_buffer,clinical_dense_24_5x3_90nm,clinical_dense_24,15,360,90,5,0.2437,0.7446,0.1189,0.0248,0.7092
moderate_background,clinical_dense_24_3x3_90nm,clinical_dense_24,9,216,90,9,0.1938,0.8306,0.2743,0.0865,0.7092
clean_buffer,clinical_dense_24_1x1_70nm,clinical_dense_24,1,24,70,6,0.1938,0.7155,0.0100,0.0296,0.7078
moderate_background,clinical_dense_24_5x3_70nm,clinical_dense_24,15,360,70,10,0.2375,0.9137,0.4518,0.0956,0.7071
moderate_background,clinical_dense_24_5x3_90nm,clinical_dense_24,15,360,90,8,0.2437,0.8730,0.3817,0.0773,0.7063
moderate_background,clinical_dense_24_5x3_70nm,clinical_dense_24,15,360,70,9,0.2375,0.8924,0.4178,0.0865,0.7059
clean_buffer,clinical_grid_18_5x4_90nm,clinical_grid_18,20,360,90,7,0.1875,0.7549,0.1624,0.0345,0.7058
clean_buffer,clinical_grid_18_5x3_70nm,clinical_grid_18,15,270,70,4,0.2812,0.7268,0.0729,0.0199,0.7047
moderate_background,clinical_grid_18_3x3_70nm,clinical_grid_18,9,162,70,5,0.2562,0.7566,0.1245,0.0490,0.7037
clean_buffer,clinical_dense_24_5x4_70nm,clinical_dense_24,20,480,70,5,0.2437,0.7446,0.1413,0.0248,0.7034
moderate_background,clinical_grid_18_4x3_70nm,clinical_grid_18,12,216,70,4,0.3063,0.7561,0.1328,0.0394,0.7025
moderate_background,clinical_dense_24_4x3_90nm,clinical_dense_24,12,288,90,8,0.2188,0.8390,0.3177,0.0773,0.7024
moderate_background,clinical_dense_24_5x4_90nm,clinical_dense_24,20,480,90,5,0.3063,0.8250,0.3043,0.0490,0.7016
moderate_background,clinical_dense_24_5x3_70nm,clinical_dense_24,15,360,70,8,0.2375,0.8652,0.3817,0.0773,0.7000
dirty_biofluid_like,clinical_dense_24_1x1_70nm,clinical_dense_24,1,24,70,8,0.1938,0.7723,0.0606,0.1492,0.6998
clean_buffer,clinical_dense_24_5x3_70nm,clinical_dense_24,15,360,70,5,0.2375,0.7342,0.1189,0.0248,0.6993
clean_buffer,clinical_grid_18_1x1_70nm,clinical_grid_18,1,18,70,6,0.1875,0.7023,0.0075,0.0296,0.6953
dirty_biofluid_like,clinical_grid_18_1x1_70nm,clinical_grid_18,1,18,70,8,0.1875,0.7600,0.0457,0.1492,0.6950
moderate_background,clinical_dense_24_5x3_90nm,clinical_dense_24,15,360,90,7,0.2437,0.8389,0.3434,0.0679,0.6948
moderate_background,clinical_dense_24_4x3_70nm,clinical_dense_24,12,288,70,6,0.2437,0.7946,0.2493,0.0585,0.6931
moderate_background,clinical_dense_24_3x3_90nm,clinical_dense_24,9,216,90,8,0.1938,0.7972,0.2480,0.0773,0.6918
clean_buffer,clinical_grid_18_5x3_90nm,clinical_grid_18,15,270,90,7,0.1750,0.7283,0.1241,0.0345,0.6906
clean_buffer,clinical_dense_24_3x3_90nm,clinical_dense_24,9,216,90,6,0.1938,0.7155,0.0867,0.0296,0.6887
moderate_background,clinical_dense_24_5x3_70nm,clinical_dense_24,15,360,70,7,0.2375,0.8302,0.3434,0.0679,0.6876
moderate_background,clinical_dense_24_5x4_70nm,clinical_dense_24,20,480,70,9,0.2437,0.8993,0.4796,0.0865,0.6870
moderate_background,clinical_dense_24_5x4_70nm,clinical_dense_24,20,480,70,10,0.2437,0.9198,0.5160,0.0956,0.6860
moderate_background,clinical_dense_24_1x1_70nm,clinical_dense_24,1,24,70,6,0.1938,0.7056,0.0231,0.0585,0.6860
moderate_background,clinical_dense_24_4x3_90nm,clinical_dense_24,12,288,90,7,0.2188,0.8013,0.2843,0.0679,0.6845
moderate_background,clinical_dense_24_5x4_70nm,clinical_dense_24,20,480,70,8,0.2437,0.8730,0.4404,0.0773,0.6838
dirty_biofluid_like,clinical_grid_18_1x1_90nm,clinical_grid_18,1,18,90,5,0.2437,0.7206,0.0288,0.0961,0.6809
moderate_background,clinical_grid_18_3x3_90nm,clinical_grid_18,9,162,90,4,0.2812,0.7205,0.1009,0.0394,0.6796
moderate_background,clinical_dense_24_3x3_70nm,clinical_dense_24,9,216,70,4,0.2875,0.7298,0.1328,0.0394,0.6781
dirty_biofluid_like,clinical_dense_24_1x1_90nm,clinical_dense_24,1,24,90,5,0.2437,0.7206,0.0383,0.0961,0.6769
moderate_background,clinical_grid_18_5x4_70nm,clinical_grid_18,20,360,70,4,0.3063,0.7561,0.2137,0.0394,0.6753
moderate_background,clinical_grid_18_1x1_70nm,clinical_grid_18,1,18,70,6,0.1875,0.6924,0.0174,0.0585,0.6749
moderate_background,clinical_dense_24_5x4_70nm,clinical_dense_24,20,480,70,7,0.2437,0.8389,0.3983,0.0679,0.6745
moderate_background,clinical_dense_24_5x3_90nm,clinical_dense_24,15,360,90,6,0.2437,0.7946,0.3028,0.0585,0.6743
clean_buffer,clinical_grid_18_3x3_70nm,clinical_grid_18,9,162,70,4,0.2562,0.6876,0.0442,0.0199,0.6736
clean_buffer,clinical_dense_24_4x3_90nm,clinical_dense_24,12,288,90,5,0.2188,0.7009,0.0961,0.0248,0.6731
dirty_biofluid_like,clinical_dense_24_1x1_70nm,clinical_dense_24,1,24,70,7,0.1938,0.7335,0.0532,0.1319,0.6727
moderate_background,clinical_grid_18_4x3_90nm,clinical_grid_18,12,216,90,5,0.2437,0.7366,0.1632,0.0490,0.6725
moderate_background,clinical_grid_18_5x3_90nm,clinical_grid_18,15,270,90,10,0.1750,0.8253,0.3607,0.0956,0.6715
moderate_background,clinical_dense_24_3x3_90nm,clinical_dense_24,9,216,90,7,0.1938,0.7562,0.2207,0.0679,0.6672
dirty_biofluid_like,clinical_grid_18_1x1_70nm,clinical_grid_18,1,18,70,7,0.1875,0.7206,0.0401,0.1319,0.6662
moderate_background,clinical_dense_24_5x3_70nm,clinical_dense_24,15,360,70,6,0.2375,0.7850,0.3028,0.0585,0.6661
dirty_biofluid_like,clinical_grid_18_3x3_90nm,clinical_grid_18,9,162,90,7,0.2812,0.8664,0.3144,0.1319,0.6659
dirty_biofluid_like,clinical_grid_18_3x3_90nm,clinical_grid_18,9,162,90,8,0.2812,0.8946,0.3504,0.1492,0.6643
clean_buffer,clinical_grid_18_5x4_90nm,clinical_grid_18,20,360,90,6,0.1875,0.7023,0.1409,0.0296,0.6628
moderate_background,clinical_dense_24_5x4_90nm,clinical_dense_24,20,480,90,4,0.3063,0.7561,0.2519,0.0394,0.6625
clean_buffer,clinical_grid_18_1x1_90nm,clinical_grid_18,1,18,90,4,0.2437,0.6665,0.0050,0.0199,0.6620
clean_buffer,clinical_dense_24_1x1_90nm,clinical_dense_24,1,24,90,4,0.2437,0.6665,0.0067,0.0199,0.6617
dirty_biofluid_like,clinical_grid_18_3x3_90nm,clinical_grid_18,9,162,90,6,0.2812,0.8287,0.2764,0.1142,0.6597
moderate_background,clinical_grid_18_5x3_70nm,clinical_grid_18,15,270,70,4,0.2812,0.7205,0.1638,0.0394,0.6595
moderate_background,clinical_grid_18_5x3_90nm,clinical_grid_18,15,270,90,9,0.1750,0.7955,0.3314,0.0865,0.6593
dirty_biofluid_like,clinical_grid_18_3x3_90nm,clinical_grid_18,9,162,90,9,0.2812,0.9160,0.3845,0.1663,0.6578
moderate_background,clinical_dense_24_4x3_90nm,clinical_dense_24,12,288,90,6,0.2188,0.7535,0.2493,0.0585,0.6573
moderate_background,clinical_dense_24_5x4_70nm,clinical_dense_24,20,480,70,6,0.2437,0.7946,0.3530,0.0585,0.6566
moderate_background,clinical_dense_24_4x3_70nm,clinical_dense_24,12,288,70,5,0.2437,0.7366,0.2125,0.0490,0.6563
moderate_background,clinical_grid_18_5x4_90nm,clinical_grid_18,20,360,90,10,0.1875,0.8477,0.4518,0.0956,0.6560
clean_buffer,clinical_grid_18_4x3_90nm,clinical_grid_18,12,216,90,4,0.2437,0.6665,0.0587,0.0199,0.6496
clean_buffer,clinical_grid_18_4x3_70nm,clinical_grid_18,12,216,70,3,0.3063,0.6618,0.0443,0.0149,0.6491
moderate_background,clinical_grid_18_1x1_90nm,clinical_grid_18,1,18,90,4,0.2437,0.6602,0.0116,0.0394,0.6490
moderate_background,clinical_grid_18_5x4_90nm,clinical_grid_18,20,360,90,9,0.1875,0.8195,0.4178,0.0865,0.6482
dirty_biofluid_like,clinical_grid_18_3x3_90nm,clinical_grid_18,9,162,90,10,0.2812,0.9324,0.4168,0.1829,0.6480
moderate_background,clinical_dense_24_1x1_90nm,clinical_dense_24,1,24,90,4,0.2437,0.6602,0.0155,0.0394,0.6479
clean_buffer,clinical_dense_24_1x1_70nm,clinical_dense_24,1,24,70,5,0.1938,0.6513,0.0083,0.0248,0.6453
dirty_biofluid_like,clinical_grid_18_4x3_70nm,clinical_grid_18,12,216,70,6,0.3063,0.8578,0.3530,0.1142,0.6452
clean_buffer,clinical_dense_24_4x3_70nm,clinical_dense_24,12,288,70,4,0.2437,0.6665,0.0776,0.0199,0.6452
clean_buffer,clinical_grid_18_5x3_90nm,clinical_grid_18,15,270,90,6,0.1750,0.6747,0.1074,0.0296,0.6445
dirty_biofluid_like,clinical_grid_18_3x3_70nm,clinical_grid_18,9,162,70,8,0.2562,0.8676,0.3504,0.1492,0.6443
dirty_biofluid_like,clinical_grid_18_4x3_70nm,clinical_grid_18,12,216,70,7,0.3063,0.8919,0.3983,0.1319,0.6429
moderate_background,clinical_grid_18_3x3_70nm,clinical_grid_18,9,162,70,4,0.2562,0.6813,0.1009,0.0394,0.6427
dirty_biofluid_like,clinical_grid_18_3x3_70nm,clinical_grid_18,9,162,70,7,0.2562,0.8361,0.3144,0.1319,0.6425
clean_buffer,clinical_grid_18_5x4_70nm,clinical_grid_18,20,360,70,3,0.3063,0.6618,0.0731,0.0149,0.6424
dirty_biofluid_like,clinical_grid_18_3x3_90nm,clinical_grid_18,9,162,90,5,0.2812,0.7777,0.2363,0.0961,0.6418
moderate_background,clinical_grid_18_5x3_90nm,clinical_grid_18,15,270,90,8,0.1750,0.7597,0.3008,0.0773,0.6416
moderate_background,clinical_dense_24_5x3_90nm,clinical_dense_24,15,360,90,5,0.2437,0.7366,0.2596,0.0490,0.6410
clean_buffer,clinical_dense_24_5x3_90nm,clinical_dense_24,15,360,90,4,0.2437,0.6665,0.0963,0.0199,0.6408
dirty_biofluid_like,clinical_grid_18_3x3_70nm,clinical_grid_18,9,162,70,9,0.2562,0.8921,0.3845,0.1663,0.6406
clean_buffer,clinical_dense_24_5x4_90nm,clinical_dense_24,20,480,90,3,0.3063,0.6618,0.0873,0.0149,0.6391
dirty_biofluid_like,clinical_grid_18_4x3_70nm,clinical_grid_18,12,216,70,5,0.3063,0.8104,0.3043,0.0961,0.6370
clean_buffer,clinical_dense_24_5x4_70nm,clinical_dense_24,20,480,70,4,0.2437,0.6665,0.1147,0.0199,0.6366
dirty_biofluid_like,clinical_dense_24_1x1_70nm,clinical_dense_24,1,24,70,6,0.1938,0.6859,0.0458,0.1142,0.6366
moderate_background,clinical_grid_18_5x4_90nm,clinical_grid_18,20,360,90,8,0.1875,0.7852,0.3817,0.0773,0.6353
dirty_biofluid_like,clinical_grid_18_4x3_70nm,clinical_grid_18,12,216,70,8,0.3063,0.9168,0.4404,0.1492,0.6342
dirty_biofluid_like,clinical_grid_18_3x3_70nm,clinical_grid_18,9,162,70,10,0.2562,0.9112,0.4168,0.1829,0.6333
moderate_background,clinical_dense_24_3x3_90nm,clinical_dense_24,9,216,90,6,0.1938,0.7056,0.1925,0.0585,0.6332
dirty_biofluid_like,clinical_grid_18_3x3_70nm,clinical_grid_18,9,162,70,6,0.2562,0.7949,0.2764,0.1142,0.6328
clean_buffer,clinical_grid_18_1x1_70nm,clinical_grid_18,1,18,70,5,0.1875,0.6378,0.0062,0.0248,0.6324
moderate_background,clinical_dense_24_5x3_70nm,clinical_dense_24,15,360,70,5,0.2375,0.7262,0.2596,0.0490,0.6319
clean_buffer,clinical_dense_24_3x3_90nm,clinical_dense_24,9,216,90,5,0.1938,0.6513,0.0728,0.0248,0.6307
clean_buffer,clinical_dense_24_5x3_70nm,clinical_dense_24,15,360,70,4,0.2375,0.6557,0.0963,0.0199,0.6304
dirty_biofluid_like,clinical_dense_24_3x3_70nm,clinical_dense_24,9,216,70,7,0.2875,0.8732,0.3983,0.1319,0.6295
dirty_biofluid_like,clinical_dense_24_3x3_70nm,clinical_dense_24,9,216,70,6,0.2875,0.8364,0.3530,0.1142,0.6291
dirty_biofluid_like,clinical_grid_18_1x1_70nm,clinical_grid_18,1,18,70,6,0.1875,0.6726,0.0345,0.1142,0.6286
moderate_background,clinical_dense_24_1x1_70nm,clinical_dense_24,1,24,70,5,0.1938,0.6431,0.0193,0.0490,0.6281
moderate_background,clinical_dense_24_5x4_70nm,clinical_dense_24,20,480,70,5,0.2437,0.7366,0.3043,0.0490,0.6264
dirty_biofluid_like,clinical_dense_24_3x3_70nm,clinical_dense_24,9,216,70,8,0.2875,0.9006,0.4404,0.1492,0.6231
moderate_background,clinical_grid_18_4x3_70nm,clinical_grid_18,12,216,70,3,0.3063,0.6573,0.1014,0.0297,0.6218
dirty_biofluid_like,clinical_grid_18_4x3_70nm,clinical_grid_18,12,216,70,9,0.3063,0.9352,0.4796,0.1663,0.6218
clean_buffer,clinical_dense_24_3x3_70nm,clinical_dense_24,9,216,70,3,0.2875,0.6339,0.0443,0.0149,0.6218
dirty_biofluid_like,clinical_grid_18_1x1_90nm,clinical_grid_18,1,18,90,4,0.2437,0.6476,0.0231,0.0776,0.6188
dirty_biofluid_like,clinical_dense_24_3x3_70nm,clinical_dense_24,9,216,70,5,0.2875,0.7863,0.3043,0.0961,0.6180
moderate_background,clinical_dense_24_4x3_90nm,clinical_dense_24,12,288,90,5,0.2188,0.6928,0.2125,0.0490,0.6173
moderate_background,clinical_grid_18_5x3_90nm,clinical_grid_18,15,270,90,7,0.1750,0.7167,0.2689,0.0679,0.6171
moderate_background,clinical_grid_18_1x1_70nm,clinical_grid_18,1,18,70,5,0.1875,0.6296,0.0145,0.0490,0.6163
dirty_biofluid_like,clinical_dense_24_1x1_90nm,clinical_dense_24,1,24,90,4,0.2437,0.6476,0.0308,0.0776,0.6159
moderate_background,clinical_grid_18_5x4_90nm,clinical_grid_18,20,360,90,7,0.1875,0.7435,0.3434,0.0679,0.6158
clean_buffer,clinical_grid_18_3x3_90nm,clinical_grid_18,9,162,90,3,0.2812,0.6243,0.0334,0.0149,0.6147
moderate_background,clinical_grid_18_4x3_90nm,clinical_grid_18,12,216,90,4,0.2437,0.6602,0.1328,0.0394,0.6134
dirty_biofluid_like,clinical_dense_24_3x3_70nm,clinical_dense_24,9,216,70,9,0.2875,0.9212,0.4796,0.1663,0.6125
dirty_biofluid_like,clinical_grid_18_4x3_70nm,clinical_grid_18,12,216,70,4,0.3063,0.7438,0.2519,0.0776,0.6117
dirty_biofluid_like,clinical_grid_18_3x3_70nm,clinical_grid_18,9,162,70,5,0.2562,0.7408,0.2363,0.0961,0.6113
clean_buffer,clinical_grid_18_5x3_70nm,clinical_grid_18,15,270,70,3,0.2812,0.6243,0.0552,0.0149,0.6099
clean_buffer,clinical_grid_18_5x4_90nm,clinical_grid_18,20,360,90,5,0.1875,0.6378,0.1189,0.0248,0.6074
dirty_biofluid_like,clinical_grid_18_4x3_70nm,clinical_grid_18,12,216,70,10,0.3063,0.9489,0.5160,0.1829,0.6072
dirty_biofluid_like,clinical_grid_18_3x3_90nm,clinical_grid_18,9,162,90,4,0.2812,0.7080,0.1940,0.0776,0.6061
moderate_background,clinical_grid_18_5x4_70nm,clinical_grid_18,20,360,70,3,0.3063,0.6573,0.1650,0.0297,0.6031
clean_buffer,clinical_dense_24_4x3_90nm,clinical_dense_24,12,288,90,4,0.2188,0.6213,0.0776,0.0199,0.6014
moderate_background,clinical_dense_24_4x3_70nm,clinical_dense_24,12,288,70,4,0.2437,0.6602,0.1740,0.0394,0.6013
dirty_biofluid_like,clinical_dense_24_3x3_70nm,clinical_dense_24,9,216,70,10,0.2875,0.9369,0.5160,0.1829,0.5995
moderate_background,clinical_dense_24_3x3_70nm,clinical_dense_24,9,216,70,3,0.2875,0.6295,0.1014,0.0297,0.5955
moderate_background,clinical_dense_24_5x4_90nm,clinical_dense_24,20,480,90,3,0.3063,0.6573,0.1956,0.0297,0.5941
moderate_background,clinical_grid_18_3x3_90nm,clinical_grid_18,9,162,90,3,0.2812,0.6199,0.0767,0.0297,0.5932
dirty_biofluid_like,clinical_grid_18_5x3_70nm,clinical_grid_18,15,270,70,6,0.2812,0.8287,0.4227,0.1142,0.5903
dirty_biofluid_like,clinical_grid_18_4x3_90nm,clinical_grid_18,12,216,90,7,0.2437,0.8188,0.3983,0.1319,0.5903
dirty_biofluid_like,clinical_dense_24_3x3_70nm,clinical_dense_24,9,216,70,4,0.2875,0.7173,0.2519,0.0776,0.5899
moderate_background,clinical_dense_24_5x3_90nm,clinical_dense_24,15,360,90,4,0.2437,0.6602,0.2137,0.0394,0.5897
dirty_biofluid_like,clinical_grid_18_4x3_90nm,clinical_grid_18,12,216,90,8,0.2437,0.8520,0.4404,0.1492,0.5894
dirty_biofluid_like,clinical_dense_24_1x1_70nm,clinical_dense_24,1,24,70,5,0.1938,0.6269,0.0383,0.0961,0.5890
dirty_biofluid_like,clinical_grid_18_5x3_70nm,clinical_grid_18,15,270,70,7,0.2812,0.8664,0.4732,0.1319,0.5877
moderate_background,clinical_grid_18_5x4_90nm,clinical_grid_18,20,360,90,6,0.1875,0.6924,0.3028,0.0585,0.5876
moderate_background,clinical_dense_24_3x3_90nm,clinical_dense_24,9,216,90,5,0.1938,0.6431,0.1632,0.0490,0.5871
clean_buffer,clinical_grid_18_5x3_90nm,clinical_grid_18,15,270,90,5,0.1750,0.6097,0.0903,0.0248,0.5868
moderate_background,clinical_grid_18_5x3_90nm,clinical_grid_18,15,270,90,6,0.1750,0.6647,0.2354,0.0585,0.5839
dirty_biofluid_like,clinical_grid_18_4x3_90nm,clinical_grid_18,12,216,90,6,0.2437,0.7761,0.3530,0.1142,0.5838
dirty_biofluid_like,clinical_grid_18_4x3_90nm,clinical_grid_18,12,216,90,9,0.2437,0.8780,0.4796,0.1663,0.5838
dirty_biofluid_like,clinical_grid_18_5x3_70nm,clinical_grid_18,15,270,70,5,0.2812,0.7777,0.3673,0.0961,0.5830
moderate_background,clinical_dense_24_5x3_70nm,clinical_dense_24,15,360,70,4,0.2375,0.6494,0.2137,0.0394,0.5800
moderate_background,clinical_grid_18_5x3_70nm,clinical_grid_18,15,270,70,3,0.2812,0.6199,0.1256,0.0297,0.5797
dirty_biofluid_like,clinical_grid_18_1x1_70nm,clinical_grid_18,1,18,70,5,0.1875,0.6135,0.0288,0.0961,0.5797
dirty_biofluid_like,clinical_grid_18_5x3_70nm,clinical_grid_18,15,270,70,8,0.2812,0.8946,0.5193,0.1492,0.5791
moderate_background,clinical_dense_24_5x4_70nm,clinical_dense_24,20,480,70,4,0.2437,0.6602,0.2519,0.0394,0.5784
clean_buffer,clinical_grid_18_3x3_70nm,clinical_grid_18,9,162,70,3,0.2562,0.5843,0.0334,0.0149,0.5753
dirty_biofluid_like,clinical_grid_18_4x3_90nm,clinical_grid_18,12,216,90,10,0.2437,0.8986,0.5160,0.1829,0.5750
dirty_biofluid_like,clinical_grid_18_3x3_70nm,clinical_grid_18,9,162,70,4,0.2562,0.6687,0.1940,0.0776,0.5725
clean_buffer,clinical_dense_24_1x1_70nm,clinical_dense_24,1,24,70,4,0.1938,0.5715,0.0067,0.0199,0.5673
dirty_biofluid_like,clinical_grid_18_5x3_70nm,clinical_grid_18,15,270,70,9,0.2812,0.9160,0.5614,0.1663,0.5671
dirty_biofluid_like,clinical_grid_18_4x3_90nm,clinical_grid_18,12,216,90,5,0.2437,0.7206,0.3043,0.0961,0.5664
dirty_biofluid_like,clinical_grid_18_5x4_70nm,clinical_grid_18,20,360,70,5,0.3063,0.8104,0.4622,0.0961,0.5632
dirty_biofluid_like,clinical_grid_18_5x4_70nm,clinical_grid_18,20,360,70,6,0.3063,0.8578,0.5249,0.1142,0.5608
clean_buffer,clinical_grid_18_1x1_90nm,clinical_grid_18,1,18,90,3,0.2437,0.5632,0.0037,0.0149,0.5604
moderate_background,clinical_dense_24_4x3_90nm,clinical_dense_24,12,288,90,4,0.2188,0.6151,0.1740,0.0394,0.5602
clean_buffer,clinical_dense_24_1x1_90nm,clinical_dense_24,1,24,90,3,0.2437,0.5632,0.0050,0.0149,0.5601
dirty_biofluid_like,clinical_grid_18_5x3_70nm,clinical_grid_18,15,270,70,4,0.2812,0.7080,0.3067,0.0776,0.5597
dirty_biofluid_like,clinical_grid_18_4x3_70nm,clinical_grid_18,12,216,70,3,0.3063,0.6485,0.1956,0.0588,0.5589
clean_buffer,clinical_dense_24_3x3_90nm,clinical_dense_24,9,216,90,4,0.1938,0.5715,0.0587,0.0199,0.5570
moderate_background,clinical_grid_18_3x3_70nm,clinical_grid_18,9,162,70,3,0.2562,0.5800,0.0767,0.0297,0.5550
moderate_background,clinical_dense_24_1x1_70nm,clinical_dense_24,1,24,70,4,0.1938,0.5654,0.0155,0.0394,0.5549
clean_buffer,clinical_grid_18_1x1_70nm,clinical_grid_18,1,18,70,4,0.1875,0.5582,0.0050,0.0199,0.5544
dirty_biofluid_like,clinical_grid_18_5x3_70nm,clinical_grid_18,15,270,70,10,0.2812,0.9324,0.5998,0.1829,0.5532
clean_buffer,clinical_grid_18_4x3_90nm,clinical_grid_18,12,216,90,3,0.2437,0.5632,0.0443,0.0149,0.5524
moderate_background,clinical_grid_18_1x1_90nm,clinical_grid_18,1,18,90,3,0.2437,0.5591,0.0087,0.0297,0.5519
dirty_biofluid_like,clinical_grid_18_5x4_70nm,clinical_grid_18,20,360,70,4,0.3063,0.7438,0.3912,0.0776,0.5515
moderate_background,clinical_dense_24_1x1_90nm,clinical_dense_24,1,24,90,3,0.2437,0.5591,0.0116,0.0297,0.5512
dirty_biofluid_like,clinical_grid_18_5x4_70nm,clinical_grid_18,20,360,70,7,0.3063,0.8919,0.5804,0.1319,0.5506
clean_buffer,clinical_dense_24_4x3_70nm,clinical_dense_24,12,288,70,3,0.2437,0.5632,0.0588,0.0149,0.5496
moderate_background,clinical_grid_18_5x4_90nm,clinical_grid_18,20,360,90,5,0.1875,0.6296,0.2596,0.0490,0.5479
clean_buffer,clinical_dense_24_5x3_90nm,clinical_dense_24,15,360,90,3,0.2437,0.5632,0.0731,0.0149,0.5468
dirty_biofluid_like,clinical_dense_24_4x3_70nm,clinical_dense_24,12,288,70,7,0.2437,0.8188,0.4963,0.1319,0.5446
clean_buffer,clinical_dense_24_5x4_70nm,clinical_dense_24,20,480,70,3,0.2437,0.5632,0.0873,0.0149,0.5440
dirty_biofluid_like,clinical_grid_18_3x3_90nm,clinical_grid_18,9,162,90,3,0.2812,0.6112,0.1494,0.0588,0.5434
dirty_biofluid_like,clinical_dense_24_4x3_70nm,clinical_dense_24,12,288,70,6,0.2437,0.7761,0.4445,0.1142,0.5431
moderate_background,clinical_grid_18_1x1_70nm,clinical_grid_18,1,18,70,4,0.1875,0.5522,0.0116,0.0394,0.5428
dirty_biofluid_like,clinical_dense_24_4x3_70nm,clinical_dense_24,12,288,70,8,0.2437,0.8520,0.5434,0.1492,0.5399
moderate_background,clinical_grid_18_5x3_90nm,clinical_grid_18,15,270,90,5,0.1750,0.6017,0.2004,0.0490,0.5394
clean_buffer,clinical_grid_18_5x4_90nm,clinical_grid_18,20,360,90,4,0.1875,0.5582,0.0963,0.0199,0.5367
dirty_biofluid_like,clinical_grid_18_5x4_70nm,clinical_grid_18,20,360,70,8,0.3063,0.9168,0.6293,0.1492,0.5365
clean_buffer,clinical_dense_24_5x3_70nm,clinical_dense_24,15,360,70,3,0.2375,0.5525,0.0731,0.0149,0.5364
dirty_biofluid_like,clinical_dense_24_3x3_70nm,clinical_dense_24,9,216,70,3,0.2875,0.6208,0.1956,0.0588,0.5351
dirty_biofluid_like,clinical_dense_24_3x3_90nm,clinical_dense_24,9,216,90,9,0.1938,0.8042,0.4796,0.1663,0.5347
dirty_biofluid_like,clinical_dense_24_3x3_90nm,clinical_dense_24,9,216,90,8,0.1938,0.7723,0.4404,0.1492,0.5343
dirty_biofluid_like,clinical_grid_18_4x3_90nm,clinical_grid_18,12,216,90,4,0.2437,0.6476,0.2519,0.0776,0.5326
dirty_biofluid_like,clinical_grid_18_1x1_90nm,clinical_grid_18,1,18,90,3,0.2437,0.5508,0.0174,0.0588,0.5322
dirty_biofluid_like,clinical_dense_24_4x3_70nm,clinical_dense_24,12,288,70,5,0.2437,0.7206,0.3873,0.0961,0.5319
dirty_biofluid_like,clinical_dense_24_5x4_90nm,clinical_dense_24,20,480,90,5,0.3063,0.8104,0.5296,0.0961,0.5317
dirty_biofluid_like,clinical_dense_24_4x3_70nm,clinical_dense_24,12,288,70,9,0.2437,0.8780,0.5860,0.1663,0.5315
dirty_biofluid_like,clinical_dense_24_3x3_90nm,clinical_dense_24,9,216,90,10,0.1938,0.8304,0.5160,0.1829,0.5314
dirty_biofluid_like,clinical_dense_24_1x1_90nm,clinical_dense_24,1,24,90,3,0.2437,0.5508,0.0232,0.0588,0.5303
moderate_background,clinical_grid_18_4x3_90nm,clinical_grid_18,12,216,90,3,0.2437,0.5591,0.1014,0.0297,0.5288
dirty_biofluid_like,clinical_dense_24_3x3_90nm,clinical_dense_24,9,216,90,7,0.1938,0.7335,0.3983,0.1319,0.5288
dirty_biofluid_like,clinical_dense_24_1x1_70nm,clinical_dense_24,1,24,70,4,0.1938,0.5534,0.0308,0.0776,0.5263
dirty_biofluid_like,clinical_dense_24_5x4_90nm,clinical_dense_24,20,480,90,6,0.3063,0.8578,0.5954,0.1142,0.5262
moderate_background,clinical_dense_24_3x3_90nm,clinical_dense_24,9,216,90,4,0.1938,0.5654,0.1328,0.0394,0.5253
dirty_biofluid_like,clinical_dense_24_5x4_90nm,clinical_dense_24,20,480,90,4,0.3063,0.7438,0.4530,0.0776,0.5248
moderate_background,clinical_dense_24_4x3_70nm,clinical_dense_24,12,288,70,3,0.2437,0.5591,0.1336,0.0297,0.5208
dirty_biofluid_like,clinical_grid_18_5x4_70nm,clinical_grid_18,20,360,70,9,0.3063,0.9352,0.6726,0.1663,0.5207
dirty_biofluid_like,clinical_dense_24_4x3_70nm,clinical_dense_24,12,288,70,10,0.2437,0.8986,0.6246,0.1829,0.5207
dirty_biofluid_like,clinical_dense_24_4x3_90nm,clinical_dense_24,12,288,90,7,0.2188,0.7798,0.4963,0.1319,0.5187
dirty_biofluid_like,clinical_dense_24_4x3_90nm,clinical_dense_24,12,288,90,8,0.2188,0.8160,0.5434,0.1492,0.5171
dirty_biofluid_like,clinical_grid_18_1x1_70nm,clinical_grid_18,1,18,70,4,0.1875,0.5403,0.0231,0.0776,0.5163
dirty_biofluid_like,clinical_dense_24_3x3_90nm,clinical_dense_24,9,216,90,6,0.1938,0.6859,0.3530,0.1142,0.5159
dirty_biofluid_like,clinical_grid_18_5x4_70nm,clinical_grid_18,20,360,70,3,0.3063,0.6485,0.3108,0.0588,0.5152
clean_buffer,clinical_grid_18_5x3_90nm,clinical_grid_18,15,270,90,4,0.1750,0.5309,0.0729,0.0199,0.5148
dirty_biofluid_like,clinical_dense_24_5x4_90nm,clinical_dense_24,20,480,90,7,0.3063,0.8919,0.6521,0.1319,0.5143
dirty_biofluid_like,clinical_dense_24_4x3_90nm,clinical_dense_24,12,288,90,6,0.2188,0.7342,0.4445,0.1142,0.5138
moderate_background,clinical_dense_24_5x3_90nm,clinical_dense_24,15,360,90,3,0.2437,0.5591,0.1650,0.0297,0.5129
dirty_biofluid_like,clinical_dense_24_4x3_90nm,clinical_dense_24,12,288,90,9,0.2188,0.8450,0.5860,0.1663,0.5115
dirty_biofluid_like,clinical_grid_18_5x3_70nm,clinical_grid_18,15,270,70,3,0.2812,0.6112,0.2402,0.0588,0.5108
clean_buffer,clinical_grid_18_4x3_70nm,clinical_grid_18,12,216,70,2,0.3063,0.5167,0.0298,0.0100,0.5100
dirty_biofluid_like,clinical_grid_18_3x3_70nm,clinical_grid_18,9,162,70,3,0.2562,0.5716,0.1494,0.0588,0.5081
dirty_biofluid_like,clinical_dense_24_5x3_90nm,clinical_dense_24,15,360,90,6,0.2437,0.7761,0.5249,0.1142,0.5074
clean_buffer,clinical_dense_24_4x3_90nm,clinical_dense_24,12,288,90,3,0.2188,0.5193,0.0588,0.0149,0.5067
clean_buffer,clinical_grid_18_5x4_70nm,clinical_grid_18,20,360,70,2,0.3063,0.5167,0.0494,0.0100,0.5065
dirty_biofluid_like,clinical_dense_24_5x3_90nm,clinical_dense_24,15,360,90,7,0.2437,0.8188,0.5804,0.1319,0.5055
dirty_biofluid_like,clinical_dense_24_4x3_70nm,clinical_dense_24,12,288,70,4,0.2437,0.6476,0.3242,0.0776,0.5054
moderate_background,clinical_dense_24_5x4_70nm,clinical_dense_24,20,480,70,3,0.2437,0.5591,0.1956,0.0297,0.5053
clean_buffer,clinical_dense_24_5x4_90nm,clinical_dense_24,20,480,90,2,0.3063,0.5167,0.0591,0.0100,0.5047
dirty_biofluid_like,clinical_grid_18_5x4_70nm,clinical_grid_18,20,360,70,10,0.3063,0.9489,0.7108,0.1829,0.5044
dirty_biofluid_like,clinical_dense_24_4x3_90nm,clinical_dense_24,12,288,90,10,0.2188,0.8685,0.6246,0.1829,0.5033
moderate_background,clinical_dense_24_5x3_70nm,clinical_dense_24,15,360,70,3,0.2375,0.5484,0.1650,0.0297,0.5032
dirty_biofluid_like,clinical_dense_24_5x3_70nm,clinical_dense_24,15,360,70,6,0.2375,0.7662,0.5249,0.1142,0.5009
dirty_biofluid_like,clinical_dense_24_5x3_90nm,clinical_dense_24,15,360,90,5,0.2437,0.7206,0.4622,0.0961,0.5007
dirty_biofluid_like,clinical_dense_24_5x3_70nm,clinical_dense_24,15,360,70,7,0.2375,0.8097,0.5804,0.1319,0.4999
dirty_biofluid_like,clinical_dense_24_5x4_90nm,clinical_dense_24,20,480,90,8,0.3063,0.9168,0.7008,0.1492,0.4996
dirty_biofluid_like,clinical_dense_24_4x3_90nm,clinical_dense_24,12,288,90,5,0.2188,0.6765,0.3873,0.0961,0.4994
dirty_biofluid_like,clinical_dense_24_5x3_90nm,clinical_dense_24,15,360,90,8,0.2437,0.8520,0.6293,0.1492,0.4986
moderate_background,clinical_grid_18_4x3_70nm,clinical_grid_18,12,216,70,2,0.3063,0.5145,0.0688,0.0199,0.4956
dirty_biofluid_like,clinical_dense_24_5x4_90nm,clinical_dense_24,20,480,90,3,0.3063,0.6485,0.3639,0.0588,0.4950
dirty_biofluid_like,clinical_dense_24_5x3_70nm,clinical_dense_24,15,360,70,8,0.2375,0.8436,0.6293,0.1492,0.4937
dirty_biofluid_like,clinical_dense_24_5x3_70nm,clinical_dense_24,15,360,70,5,0.2375,0.7101,0.4622,0.0961,0.4934
moderate_background,clinical_grid_18_5x4_90nm,clinical_grid_18,20,360,90,4,0.1875,0.5522,0.2137,0.0394,0.4932
dirty_biofluid_like,clinical_dense_24_3x3_90nm,clinical_dense_24,9,216,90,5,0.1938,0.6269,0.3043,0.0961,0.4928
dirty_biofluid_like,clinical_dense_24_5x3_90nm,clinical_dense_24,15,360,90,9,0.2437,0.8780,0.6726,0.1663,0.4889
moderate_background,clinical_grid_18_5x4_70nm,clinical_grid_18,20,360,70,2,0.3063,0.5145,0.1133,0.0199,0.4854
dirty_biofluid_like,clinical_dense_24_5x3_70nm,clinical_dense_24,15,360,70,9,0.2375,0.8704,0.6726,0.1663,0.4847
dirty_biofluid_like,clinical_dense_24_5x4_90nm,clinical_dense_24,20,480,90,9,0.3063,0.9352,0.7427,0.1663,0.4840
clean_buffer,clinical_dense_24_3x3_70nm,clinical_dense_24,9,216,70,2,0.2875,0.4903,0.0298,0.0100,0.4840
moderate_background,clinical_grid_18_5x3_90nm,clinical_grid_18,15,270,90,4,0.1750,0.5250,0.1638,0.0394,0.4806
moderate_background,clinical_dense_24_5x4_90nm,clinical_dense_24,20,480,90,2,0.3063,0.5145,0.1351,0.0199,0.4804
dirty_biofluid_like,clinical_dense_24_5x3_90nm,clinical_dense_24,15,360,90,4,0.2437,0.6476,0.3912,0.0776,0.4802
moderate_background,clinical_dense_24_4x3_90nm,clinical_dense_24,12,288,90,3,0.2188,0.5153,0.1336,0.0297,0.4800
dirty_biofluid_like,clinical_dense_24_5x3_90nm,clinical_dense_24,15,360,90,10,0.2437,0.8986,0.7108,0.1829,0.4777
clean_buffer,clinical_grid_18_3x3_90nm,clinical_grid_18,9,162,90,2,0.2812,0.4813,0.0224,0.0100,0.4763
dirty_biofluid_like,clinical_dense_24_5x4_70nm,clinical_dense_24,20,480,70,6,0.2437,0.7761,0.5954,0.1142,0.4760
dirty_biofluid_like,clinical_grid_18_5x3_90nm,clinical_grid_18,15,270,90,9,0.1750,0.7674,0.5614,0.1663,0.4751
dirty_biofluid_like,clinical_grid_18_5x3_90nm,clinical_grid_18,15,270,90,8,0.1750,0.7338,0.5193,0.1492,0.4750
dirty_biofluid_like,clinical_grid_18_4x3_90nm,clinical_grid_18,12,216,90,3,0.2437,0.5508,0.1956,0.0588,0.4747
dirty_biofluid_like,clinical_dense_24_5x3_70nm,clinical_dense_24,15,360,70,10,0.2375,0.8917,0.7108,0.1829,0.4740
clean_buffer,clinical_grid_18_5x3_70nm,clinical_grid_18,15,270,70,2,0.2812,0.4813,0.0371,0.0100,0.4739
dirty_biofluid_like,clinical_dense_24_5x4_70nm,clinical_dense_24,20,480,70,5,0.2437,0.7206,0.5296,0.0961,0.4727
dirty_biofluid_like,clinical_dense_24_5x4_70nm,clinical_dense_24,20,480,70,7,0.2437,0.8188,0.6521,0.1319,0.4722
dirty_biofluid_like,clinical_dense_24_5x3_70nm,clinical_dense_24,15,360,70,4,0.2375,0.6368,0.3912,0.0776,0.4722
dirty_biofluid_like,clinical_grid_18_5x3_90nm,clinical_grid_18,15,270,90,10,0.1750,0.7956,0.5998,0.1829,0.4720
dirty_biofluid_like,clinical_dense_24_4x3_90nm,clinical_dense_24,12,288,90,4,0.2188,0.6027,0.3242,0.0776,0.4704
dirty_biofluid_like,clinical_grid_18_5x3_90nm,clinical_grid_18,15,270,90,7,0.1750,0.6935,0.4732,0.1319,0.4704
moderate_background,clinical_dense_24_3x3_70nm,clinical_dense_24,9,216,70,2,0.2875,0.4882,0.0688,0.0199,0.4703
clean_buffer,clinical_dense_24_1x1_70nm,clinical_dense_24,1,24,70,3,0.1938,0.4722,0.0050,0.0149,0.4696
dirty_biofluid_like,clinical_dense_24_5x4_90nm,clinical_dense_24,20,480,90,10,0.3063,0.9489,0.7787,0.1829,0.4686
moderate_background,clinical_grid_18_3x3_90nm,clinical_grid_18,9,162,90,2,0.2812,0.4793,0.0518,0.0199,0.4653
dirty_biofluid_like,clinical_dense_24_5x4_70nm,clinical_dense_24,20,480,70,8,0.2437,0.8520,0.7008,0.1492,0.4643
clean_buffer,clinical_dense_24_3x3_90nm,clinical_dense_24,9,216,90,3,0.1938,0.4722,0.0443,0.0149,0.4632
moderate_background,clinical_dense_24_1x1_70nm,clinical_dense_24,1,24,70,3,0.1938,0.4685,0.0116,0.0297,0.4619
dirty_biofluid_like,clinical_grid_18_4x3_70nm,clinical_grid_18,12,216,70,2,0.3063,0.5103,0.1351,0.0396,0.4615
dirty_biofluid_like,clinical_grid_18_5x3_90nm,clinical_grid_18,15,270,90,6,0.1750,0.6449,0.4227,0.1142,0.4593
moderate_background,clinical_grid_18_5x3_70nm,clinical_grid_18,15,270,70,2,0.2812,0.4793,0.0856,0.0199,0.4581
clean_buffer,clinical_grid_18_1x1_70nm,clinical_grid_18,1,18,70,3,0.1875,0.4599,0.0037,0.0149,0.4576
dirty_biofluid_like,clinical_dense_24_5x4_70nm,clinical_dense_24,20,480,70,4,0.2437,0.6476,0.4530,0.0776,0.4570
dirty_biofluid_like,clinical_dense_24_4x3_70nm,clinical_dense_24,12,288,70,3,0.2437,0.5508,0.2547,0.0588,0.4556
dirty_biofluid_like,clinical_dense_24_3x3_90nm,clinical_dense_24,9,216,90,4,0.1938,0.5534,0.2519,0.0776,0.4552
dirty_biofluid_like,clinical_dense_24_5x4_70nm,clinical_dense_24,20,480,70,9,0.2437,0.8780,0.7427,0.1663,0.4544
moderate_background,clinical_grid_18_1x1_70nm,clinical_grid_18,1,18,70,3,0.1875,0.4562,0.0087,0.0297,0.4504
clean_buffer,clinical_grid_18_5x4_90nm,clinical_grid_18,20,360,90,3,0.1875,0.4599,0.0731,0.0149,0.4465
dirty_biofluid_like,clinical_grid_18_5x4_90nm,clinical_grid_18,20,360,90,7,0.1875,0.7206,0.5804,0.1319,0.4449
dirty_biofluid_like,clinical_grid_18_5x4_90nm,clinical_grid_18,20,360,90,8,0.1875,0.7600,0.6293,0.1492,0.4448
dirty_biofluid_like,clinical_dense_24_1x1_70nm,clinical_dense_24,1,24,70,3,0.1938,0.4610,0.0232,0.0588,0.4439
dirty_biofluid_like,clinical_dense_24_5x4_70nm,clinical_dense_24,20,480,70,10,0.2437,0.8986,0.7787,0.1829,0.4437
moderate_background,clinical_dense_24_3x3_90nm,clinical_dense_24,9,216,90,3,0.1938,0.4685,0.1014,0.0297,0.4431
dirty_biofluid_like,clinical_grid_18_5x4_90nm,clinical_grid_18,20,360,90,9,0.1875,0.7925,0.6726,0.1663,0.4412
clean_buffer,clinical_grid_18_3x3_70nm,clinical_grid_18,9,162,70,2,0.2562,0.4449,0.0224,0.0100,0.4403
dirty_biofluid_like,clinical_grid_18_5x4_90nm,clinical_grid_18,20,360,90,6,0.1875,0.6726,0.5249,0.1142,0.4397
dirty_biofluid_like,clinical_grid_18_5x3_90nm,clinical_grid_18,15,270,90,5,0.1750,0.5858,0.3673,0.0961,0.4391
dirty_biofluid_like,clinical_grid_18_3x3_90nm,clinical_grid_18,9,162,90,2,0.2812,0.4752,0.1022,0.0396,0.4390
dirty_biofluid_like,clinical_dense_24_3x3_70nm,clinical_dense_24,9,216,70,2,0.2875,0.4841,0.1351,0.0396,0.4379
dirty_biofluid_like,clinical_dense_24_5x3_90nm,clinical_dense_24,15,360,90,3,0.2437,0.5508,0.3108,0.0588,0.4375
dirty_biofluid_like,clinical_grid_18_5x4_70nm,clinical_grid_18,20,360,70,2,0.3063,0.5103,0.2197,0.0396,0.4360
dirty_biofluid_like,clinical_grid_18_5x4_90nm,clinical_grid_18,20,360,90,10,0.1875,0.8194,0.7108,0.1829,0.4356
dirty_biofluid_like,clinical_grid_18_1x1_70nm,clinical_grid_18,1,18,70,3,0.1875,0.4489,0.0174,0.0588,0.4337
moderate_background,clinical_grid_18_3x3_70nm,clinical_grid_18,9,162,70,2,0.2562,0.4430,0.0518,0.0199,0.4300
dirty_biofluid_like,clinical_dense_24_5x3_70nm,clinical_dense_24,15,360,70,3,0.2375,0.5402,0.3108,0.0588,0.4291
dirty_biofluid_like,clinical_grid_18_5x4_90nm,clinical_grid_18,20,360,90,5,0.1875,0.6135,0.4622,0.0961,0.4263
clean_buffer,clinical_grid_18_5x3_90nm,clinical_grid_18,15,270,90,3,0.1750,0.4349,0.0552,0.0149,0.4249
clean_buffer,clinical_grid_18_1x1_90nm,clinical_grid_18,1,18,90,2,0.2437,0.4262,0.0025,0.0100,0.4247
clean_buffer,clinical_dense_24_1x1_90nm,clinical_dense_24,1,24,90,2,0.2437,0.4262,0.0033,0.0100,0.4246
dirty_biofluid_like,clinical_dense_24_5x4_90nm,clinical_dense_24,20,480,90,2,0.3063,0.5103,0.2604,0.0396,0.4237
dirty_biofluid_like,clinical_grid_18_5x3_70nm,clinical_grid_18,15,270,70,2,0.2812,0.4752,0.1673,0.0396,0.4208
moderate_background,clinical_grid_18_1x1_90nm,clinical_grid_18,1,18,90,2,0.2437,0.4243,0.0058,0.0199,0.4207
clean_buffer,clinical_grid_18_4x3_90nm,clinical_grid_18,12,216,90,2,0.2437,0.4262,0.0298,0.0100,0.4207
dirty_biofluid_like,clinical_dense_24_5x4_70nm,clinical_dense_24,20,480,70,3,0.2437,0.5508,0.3639,0.0588,0.4204
moderate_background,clinical_dense_24_1x1_90nm,clinical_dense_24,1,24,90,2,0.2437,0.4243,0.0078,0.0199,0.4203
dirty_biofluid_like,clinical_dense_24_4x3_90nm,clinical_dense_24,12,288,90,3,0.2188,0.5073,0.2547,0.0588,0.4197
clean_buffer,clinical_dense_24_4x3_70nm,clinical_dense_24,12,288,70,2,0.2437,0.4262,0.0396,0.0100,0.4192
moderate_background,clinical_grid_18_5x4_90nm,clinical_grid_18,20,360,90,3,0.1875,0.4562,0.1650,0.0297,0.4186
clean_buffer,clinical_dense_24_5x3_90nm,clinical_dense_24,15,360,90,2,0.2437,0.4262,0.0494,0.0100,0.4178
clean_buffer,clinical_dense_24_5x4_70nm,clinical_dense_24,20,480,70,2,0.2437,0.4262,0.0591,0.0100,0.4163
dirty_biofluid_like,clinical_grid_18_1x1_90nm,clinical_grid_18,1,18,90,2,0.2437,0.4206,0.0116,0.0396,0.4111
dirty_biofluid_like,clinical_dense_24_1x1_90nm,clinical_dense_24,1,24,90,2,0.2437,0.4206,0.0155,0.0396,0.4101
moderate_background,clinical_grid_18_4x3_90nm,clinical_grid_18,12,216,90,2,0.2437,0.4243,0.0688,0.0199,0.4087
clean_buffer,clinical_dense_24_5x3_70nm,clinical_dense_24,15,360,70,2,0.2375,0.4168,0.0494,0.0100,0.4086
dirty_biofluid_like,clinical_grid_18_5x3_90nm,clinical_grid_18,15,270,90,4,0.1750,0.5134,0.3067,0.0776,0.4059
dirty_biofluid_like,clinical_grid_18_3x3_70nm,clinical_grid_18,9,162,70,2,0.2562,0.4391,0.1022,0.0396,0.4057
moderate_background,clinical_dense_24_4x3_70nm,clinical_dense_24,12,288,70,2,0.2437,0.4243,0.0912,0.0199,0.4045
moderate_background,clinical_grid_18_5x3_90nm,clinical_grid_18,15,270,90,3,0.1750,0.4314,0.1256,0.0297,0.4034
dirty_biofluid_like,clinical_grid_18_5x4_90nm,clinical_grid_18,20,360,90,4,0.1875,0.5403,0.3912,0.0776,0.4007
moderate_background,clinical_dense_24_5x3_90nm,clinical_dense_24,15,360,90,2,0.2437,0.4243,0.1133,0.0199,0.4003
dirty_biofluid_like,clinical_dense_24_3x3_90nm,clinical_dense_24,9,216,90,3,0.1938,0.4610,0.1956,0.0588,0.3973
moderate_background,clinical_dense_24_5x4_70nm,clinical_dense_24,20,480,70,2,0.2437,0.4243,0.1351,0.0199,0.3961
moderate_background,clinical_dense_24_5x3_70nm,clinical_dense_24,15,360,70,2,0.2375,0.4150,0.1133,0.0199,0.3915
clean_buffer,clinical_dense_24_4x3_90nm,clinical_dense_24,12,288,90,2,0.2188,0.3880,0.0396,0.0100,0.3817
dirty_biofluid_like,clinical_grid_18_4x3_90nm,clinical_grid_18,12,216,90,2,0.2437,0.4206,0.1351,0.0396,0.3804
dirty_biofluid_like,clinical_dense_24_4x3_70nm,clinical_dense_24,12,288,70,2,0.2437,0.4206,0.1780,0.0396,0.3698
moderate_background,clinical_dense_24_4x3_90nm,clinical_dense_24,12,288,90,2,0.2188,0.3863,0.0912,0.0199,0.3683
dirty_biofluid_like,clinical_dense_24_5x3_90nm,clinical_dense_24,15,360,90,2,0.2437,0.4206,0.2197,0.0396,0.3594
dirty_biofluid_like,clinical_grid_18_5x4_90nm,clinical_grid_18,20,360,90,3,0.1875,0.4489,0.3108,0.0588,0.3566
dirty_biofluid_like,clinical_grid_18_5x3_90nm,clinical_grid_18,15,270,90,3,0.1750,0.4243,0.2402,0.0588,0.3546
dirty_biofluid_like,clinical_dense_24_5x3_70nm,clinical_dense_24,15,360,70,2,0.2375,0.4113,0.2197,0.0396,0.3515
dirty_biofluid_like,clinical_dense_24_5x4_70nm,clinical_dense_24,20,480,70,2,0.2437,0.4206,0.2604,0.0396,0.3493
clean_buffer,clinical_dense_24_1x1_70nm,clinical_dense_24,1,24,70,2,0.1938,0.3485,0.0033,0.0100,0.3472
clean_buffer,clinical_dense_24_3x3_90nm,clinical_dense_24,9,216,90,2,0.1938,0.3485,0.0298,0.0100,0.3440
moderate_background,clinical_dense_24_1x1_70nm,clinical_dense_24,1,24,70,2,0.1938,0.3469,0.0078,0.0199,0.3436
clean_buffer,clinical_grid_18_1x1_70nm,clinical_grid_18,1,18,70,2,0.1875,0.3383,0.0025,0.0100,0.3372
dirty_biofluid_like,clinical_dense_24_4x3_90nm,clinical_dense_24,12,288,90,2,0.2188,0.3829,0.1780,0.0396,0.3366
dirty_biofluid_like,clinical_dense_24_1x1_70nm,clinical_dense_24,1,24,70,2,0.1938,0.3438,0.0155,0.0396,0.3352
moderate_background,clinical_dense_24_3x3_90nm,clinical_dense_24,9,216,90,2,0.1938,0.3469,0.0688,0.0199,0.3342
moderate_background,clinical_grid_18_1x1_70nm,clinical_grid_18,1,18,70,2,0.1875,0.3368,0.0058,0.0199,0.3339
clean_buffer,clinical_grid_18_5x4_90nm,clinical_grid_18,20,360,90,2,0.1875,0.3383,0.0494,0.0100,0.3316
dirty_biofluid_like,clinical_grid_18_1x1_70nm,clinical_grid_18,1,18,70,2,0.1875,0.3337,0.0116,0.0396,0.3262
moderate_background,clinical_grid_18_5x4_90nm,clinical_grid_18,20,360,90,2,0.1875,0.3368,0.1133,0.0199,0.3177
clean_buffer,clinical_grid_18_5x3_90nm,clinical_grid_18,15,270,90,2,0.1750,0.3179,0.0371,0.0100,0.3130
dirty_biofluid_like,clinical_dense_24_3x3_90nm,clinical_dense_24,9,216,90,2,0.1938,0.3438,0.1351,0.0396,0.3109
clean_buffer,clinical_grid_18_4x3_70nm,clinical_grid_18,12,216,70,1,0.3063,0.3063,0.0150,0.0050,0.3043
clean_buffer,clinical_grid_18_5x4_70nm,clinical_grid_18,20,360,70,1,0.3063,0.3063,0.0250,0.0050,0.3032
clean_buffer,clinical_dense_24_5x4_90nm,clinical_dense_24,20,480,90,1,0.3063,0.3063,0.0300,0.0050,0.3027
moderate_background,clinical_grid_18_5x3_90nm,clinical_grid_18,15,270,90,2,0.1750,0.3165,0.0856,0.0199,0.3025
moderate_background,clinical_grid_18_4x3_70nm,clinical_grid_18,12,216,70,1,0.3063,0.3063,0.0350,0.0100,0.3006
moderate_background,clinical_grid_18_5x4_70nm,clinical_grid_18,20,360,70,1,0.3063,0.3063,0.0583,0.0100,0.2974
moderate_background,clinical_dense_24_5x4_90nm,clinical_dense_24,20,480,90,1,0.3063,0.3063,0.0700,0.0100,0.2958
dirty_biofluid_like,clinical_grid_18_4x3_70nm,clinical_grid_18,12,216,70,1,0.3063,0.3063,0.0700,0.0200,0.2911
clean_buffer,clinical_dense_24_3x3_70nm,clinical_dense_24,9,216,70,1,0.2875,0.2875,0.0150,0.0050,0.2856
dirty_biofluid_like,clinical_grid_18_5x4_90nm,clinical_grid_18,20,360,90,2,0.1875,0.3337,0.2197,0.0396,0.2852
dirty_biofluid_like,clinical_grid_18_5x4_70nm,clinical_grid_18,20,360,70,1,0.3063,0.3063,0.1167,0.0200,0.2826
moderate_background,clinical_dense_24_3x3_70nm,clinical_dense_24,9,216,70,1,0.2875,0.2875,0.0350,0.0100,0.2821
clean_buffer,clinical_grid_18_3x3_90nm,clinical_grid_18,9,162,90,1,0.2812,0.2812,0.0112,0.0050,0.2797
clean_buffer,clinical_grid_18_5x3_70nm,clinical_grid_18,15,270,70,1,0.2812,0.2812,0.0188,0.0050,0.2790
dirty_biofluid_like,clinical_dense_24_5x4_90nm,clinical_dense_24,20,480,90,1,0.3063,0.3063,0.1400,0.0200,0.2783
dirty_biofluid_like,clinical_grid_18_5x3_90nm,clinical_grid_18,15,270,90,2,0.1750,0.3136,0.1673,0.0396,0.2776
moderate_background,clinical_grid_18_3x3_90nm,clinical_grid_18,9,162,90,1,0.2812,0.2812,0.0262,0.0100,0.2770
moderate_background,clinical_grid_18_5x3_70nm,clinical_grid_18,15,270,70,1,0.2812,0.2812,0.0437,0.0100,0.2748
dirty_biofluid_like,clinical_dense_24_3x3_70nm,clinical_dense_24,9,216,70,1,0.2875,0.2875,0.0700,0.0200,0.2732
dirty_biofluid_like,clinical_grid_18_3x3_90nm,clinical_grid_18,9,162,90,1,0.2812,0.2812,0.0525,0.0200,0.2702
dirty_biofluid_like,clinical_grid_18_5x3_70nm,clinical_grid_18,15,270,70,1,0.2812,0.2812,0.0875,0.0200,0.2643
clean_buffer,clinical_grid_18_3x3_70nm,clinical_grid_18,9,162,70,1,0.2562,0.2562,0.0112,0.0050,0.2549
moderate_background,clinical_grid_18_3x3_70nm,clinical_grid_18,9,162,70,1,0.2562,0.2562,0.0262,0.0100,0.2524
dirty_biofluid_like,clinical_grid_18_3x3_70nm,clinical_grid_18,9,162,70,1,0.2562,0.2562,0.0525,0.0200,0.2461
clean_buffer,clinical_grid_18_1x1_90nm,clinical_grid_18,1,18,90,1,0.2437,0.2437,0.0012,0.0050,0.2433
clean_buffer,clinical_dense_24_1x1_90nm,clinical_dense_24,1,24,90,1,0.2437,0.2437,0.0017,0.0050,0.2433
moderate_background,clinical_grid_18_1x1_90nm,clinical_grid_18,1,18,90,1,0.2437,0.2437,0.0029,0.0100,0.2427
moderate_background,clinical_dense_24_1x1_90nm,clinical_dense_24,1,24,90,1,0.2437,0.2437,0.0039,0.0100,0.2425
clean_buffer,clinical_grid_18_4x3_90nm,clinical_grid_18,12,216,90,1,0.2437,0.2437,0.0150,0.0050,0.2421
clean_buffer,clinical_dense_24_4x3_70nm,clinical_dense_24,12,288,70,1,0.2437,0.2437,0.0200,0.0050,0.2417
clean_buffer,clinical_dense_24_5x3_90nm,clinical_dense_24,15,360,90,1,0.2437,0.2437,0.0250,0.0050,0.2413
dirty_biofluid_like,clinical_grid_18_1x1_90nm,clinical_grid_18,1,18,90,1,0.2437,0.2437,0.0058,0.0200,0.2409
clean_buffer,clinical_dense_24_5x4_70nm,clinical_dense_24,20,480,70,1,0.2437,0.2437,0.0300,0.0050,0.2408
dirty_biofluid_like,clinical_dense_24_1x1_90nm,clinical_dense_24,1,24,90,1,0.2437,0.2437,0.0078,0.0200,0.2406
moderate_background,clinical_grid_18_4x3_90nm,clinical_grid_18,12,216,90,1,0.2437,0.2437,0.0350,0.0100,0.2391
moderate_background,clinical_dense_24_4x3_70nm,clinical_dense_24,12,288,70,1,0.2437,0.2437,0.0467,0.0100,0.2379
moderate_background,clinical_dense_24_5x3_90nm,clinical_dense_24,15,360,90,1,0.2437,0.2437,0.0583,0.0100,0.2366
moderate_background,clinical_dense_24_5x4_70nm,clinical_dense_24,20,480,70,1,0.2437,0.2437,0.0700,0.0100,0.2353
clean_buffer,clinical_dense_24_5x3_70nm,clinical_dense_24,15,360,70,1,0.2375,0.2375,0.0250,0.0050,0.2351
dirty_biofluid_like,clinical_grid_18_4x3_90nm,clinical_grid_18,12,216,90,1,0.2437,0.2437,0.0700,0.0200,0.2316
moderate_background,clinical_dense_24_5x3_70nm,clinical_dense_24,15,360,70,1,0.2375,0.2375,0.0583,0.0100,0.2306
dirty_biofluid_like,clinical_dense_24_4x3_70nm,clinical_dense_24,12,288,70,1,0.2437,0.2437,0.0933,0.0200,0.2282
dirty_biofluid_like,clinical_dense_24_5x3_90nm,clinical_dense_24,15,360,90,1,0.2437,0.2437,0.1167,0.0200,0.2248
dirty_biofluid_like,clinical_dense_24_5x4_70nm,clinical_dense_24,20,480,70,1,0.2437,0.2437,0.1400,0.0200,0.2214
dirty_biofluid_like,clinical_dense_24_5x3_70nm,clinical_dense_24,15,360,70,1,0.2375,0.2375,0.1167,0.0200,0.2191
clean_buffer,clinical_dense_24_4x3_90nm,clinical_dense_24,12,288,90,1,0.2188,0.2188,0.0200,0.0050,0.2170
moderate_background,clinical_dense_24_4x3_90nm,clinical_dense_24,12,288,90,1,0.2188,0.2188,0.0467,0.0100,0.2136
dirty_biofluid_like,clinical_dense_24_4x3_90nm,clinical_dense_24,12,288,90,1,0.2188,0.2188,0.0933,0.0200,0.2049
clean_buffer,clinical_dense_24_1x1_70nm,clinical_dense_24,1,24,70,1,0.1938,0.1938,0.0017,0.0050,0.1934
moderate_background,clinical_dense_24_1x1_70nm,clinical_dense_24,1,24,70,1,0.1938,0.1938,0.0039,0.0100,0.1929
clean_buffer,clinical_dense_24_3x3_90nm,clinical_dense_24,9,216,90,1,0.1938,0.1938,0.0150,0.0050,0.1925
dirty_biofluid_like,clinical_dense_24_1x1_70nm,clinical_dense_24,1,24,70,1,0.1938,0.1938,0.0078,0.0200,0.1914
moderate_background,clinical_dense_24_3x3_90nm,clinical_dense_24,9,216,90,1,0.1938,0.1938,0.0350,0.0100,0.1902
clean_buffer,clinical_grid_18_1x1_70nm,clinical_grid_18,1,18,70,1,0.1875,0.1875,0.0012,0.0050,0.1872
moderate_background,clinical_grid_18_1x1_70nm,clinical_grid_18,1,18,70,1,0.1875,0.1875,0.0029,0.0100,0.1867
clean_buffer,clinical_grid_18_5x4_90nm,clinical_grid_18,20,360,90,1,0.1875,0.1875,0.0250,0.0050,0.1856
dirty_biofluid_like,clinical_grid_18_1x1_70nm,clinical_grid_18,1,18,70,1,0.1875,0.1875,0.0058,0.0200,0.1853
dirty_biofluid_like,clinical_dense_24_3x3_90nm,clinical_dense_24,9,216,90,1,0.1938,0.1938,0.0700,0.0200,0.1842
moderate_background,clinical_grid_18_5x4_90nm,clinical_grid_18,20,360,90,1,0.1875,0.1875,0.0583,0.0100,0.1820
clean_buffer,clinical_grid_18_5x3_90nm,clinical_grid_18,15,270,90,1,0.1750,0.1750,0.0188,0.0050,0.1736
dirty_biofluid_like,clinical_grid_18_5x4_90nm,clinical_grid_18,20,360,90,1,0.1875,0.1875,0.1167,0.0200,0.1730
moderate_background,clinical_grid_18_5x3_90nm,clinical_grid_18,15,270,90,1,0.1750,0.1750,0.0437,0.0100,0.1710
dirty_biofluid_like,clinical_grid_18_5x3_90nm,clinical_grid_18,15,270,90,1,0.1750,0.1750,0.0875,0.0200,0.1645
